title,sell_price,orig_price,num_ratings
"SAMSUNG Galaxy F13 (Waterfall Blue, 64 GB)","₹9,499","₹14,999","53,109 Ratings & 2,567 Reviews"
"SAMSUNG Galaxy F13 (Sunrise Copper, 64 GB)","₹9,499","₹14,999","53,109 Ratings & 2,567 Reviews"
"SAMSUNG Galaxy F13 (Nightsky Green, 64 GB)","₹9,499","₹14,999","53,109 Ratings & 2,567 Reviews"
Nuvo FLASH,₹899,,869 Ratings & 90 Reviews
"APPLE iPhone 11 (White, 128 GB)","₹46,990","₹48,900","1,43,519 Ratings & 8,934 Reviews"
"REDMI 10 (Midnight Black, 64 GB)","₹9,499","₹14,999","1,05,938 Ratings & 6,746 Reviews"
"APPLE iPhone 11 (White, 64 GB)","₹41,990","₹43,900","1,43,519 Ratings & 8,934 Reviews"
Nuvo Flash Echo,₹849,,74 Ratings & 7 Reviews
"realme 8i (Space Black, 64 GB)","₹10,499","₹15,999","1,65,950 Ratings & 10,545 Reviews"
"realme 8i (Space Purple, 64 GB)","₹10,499","₹15,999","1,65,950 Ratings & 10,545 Reviews"
Nuvo NF24,₹899,,12 Ratings & 1 Reviews
IAIR D40,"₹1,319",,23 Ratings & 13 Reviews
"POCO C31 (Royal Blue, 64 GB)","₹9,499","₹11,999","1,38,167 Ratings & 8,631 Reviews"
"REDMI 10 (Pacific Blue, 64 GB)","₹9,499","₹14,999","1,05,938 Ratings & 6,746 Reviews"
"REDMI 10 (Caribbean Green, 64 GB)","₹9,499","₹14,999","1,05,938 Ratings & 6,746 Reviews"
"realme C33 (Sandy Gold, 64 GB)","₹9,999","₹12,999","27,735 Ratings & 1,008 Reviews"
Nuvo Flash Black Echo Without Accessories,₹849,,152 Ratings & 10 Reviews
"realme C33 (Night Sea, 64 GB)","₹9,999","₹12,999","27,735 Ratings & 1,008 Reviews"
"realme C33 (Night Sea, 32 GB)","₹8,999","₹11,999","6,362 Ratings & 249 Reviews"
"realme C33 (Aqua Blue, 32 GB)","₹8,999","₹11,999","6,362 Ratings & 249 Reviews"
"realme C33 (Sandy Gold, 32 GB)","₹8,999","₹11,999","6,362 Ratings & 249 Reviews"
"APPLE iPhone 11 (Red, 64 GB)","₹41,990","₹43,900","1,43,519 Ratings & 8,934 Reviews"
"realme C30 (Lake Blue, 32 GB)","₹5,699","₹8,499","36,585 Ratings & 1,605 Reviews"
"realme C30 (Denim Black, 32 GB)","₹5,699","₹8,499","36,585 Ratings & 1,605 Reviews"
,,,
,,,
"realme C33 (Aqua Blue, 64 GB)","₹9,999","₹12,999","27,735 Ratings & 1,008 Reviews"
"Infinix HOT 12 Play (Horizon Blue, 64 GB)","₹8,999","₹11,999","83,019 Ratings & 6,341 Reviews"
Nuvo FLASH,₹899,,869 Ratings & 90 Reviews
IAIR D41,"₹1,319",,25 Ratings & 7 Reviews
"APPLE iPhone 13 (Starlight, 128 GB)","₹66,990","₹69,900","1,24,894 Ratings & 6,624 Reviews"
"realme C11 2021 (Cool Blue, 32 GB)","₹6,249","₹7,999","2,29,091 Ratings & 10,045 Reviews"
Nuvo Flash Echo,₹849,,74 Ratings & 7 Reviews
Cellecor E8,"₹1,469",,5 Ratings & 0 Reviews
"realme C11 2021 (Cool Grey, 32 GB)","₹6,249","₹7,999","2,29,091 Ratings & 10,045 Reviews"
"realme C25_Y (Metal Grey, 64 GB)","₹8,999","₹12,999","43,737 Ratings & 2,129 Reviews"
"APPLE iPhone 11 (Black, 64 GB)","₹41,990","₹43,900","1,43,519 Ratings & 8,934 Reviews"
"REDMI 9i Sport (Coral Green, 64 GB)","₹8,499","₹9,999","1,64,184 Ratings & 9,375 Reviews"
Nuvo NF24,₹899,,12 Ratings & 1 Reviews
IAIR D40,"₹1,319",,23 Ratings & 13 Reviews
"realme C21Y (Cross Black, 64 GB)","₹8,499","₹10,999","2,50,508 Ratings & 9,504 Reviews"
"realme C21Y (Cross Blue, 64 GB)","₹8,499","₹10,999","2,50,508 Ratings & 9,504 Reviews"
PHILIPS Xenium E209,"₹1,549","₹1,949",288 Ratings & 39 Reviews
Nuvo Flash Black Echo Without Accessories,₹849,,151 Ratings & 10 Reviews
"realme C21Y (Cross Black, 32 GB)","₹7,499","₹9,999","87,743 Ratings & 3,012 Reviews"
"realme C30 (Denim Black, 32 GB)","₹6,499","₹9,299","12,116 Ratings & 687 Reviews"
"realme 9i 5G (Metallica Gold, 64 GB)","₹12,999","₹17,999","18,197 Ratings & 728 Reviews"
"realme 8s 5G (Universe Purple, 128 GB)","₹14,999","₹20,999","73,508 Ratings & 6,045 Reviews"
Cellecor E5,"₹1,319",,5 Ratings & 1 Reviews
Cellecor E3,"₹1,179",,7 Ratings & 2 Reviews
,,,
,,,
"realme C35 (Glowing Black, 64 GB)","₹11,999","₹13,999","1,26,967 Ratings & 7,981 Reviews"
"realme C35 (Glowing Green, 64 GB)","₹11,999","₹13,999","1,26,967 Ratings & 7,981 Reviews"
Nuvo FLASH,₹899,,869 Ratings & 90 Reviews
IAIR D41,"₹1,319",,25 Ratings & 7 Reviews
"POCO M4 Pro (Cool Blue, 128 GB)","₹16,499","₹19,999","89,912 Ratings & 8,277 Reviews"
"APPLE iPhone 13 (Midnight, 128 GB)","₹66,990","₹69,900","1,24,894 Ratings & 6,624 Reviews"
"REDMI Note 11 SE (Bifrost Blue, 64 GB)","₹12,999","₹16,999","8,925 Ratings & 449 Reviews"
"REDMI 9i Sport (Carbon Black, 64 GB)","₹8,499","₹9,999","1,64,184 Ratings & 9,375 Reviews"
Nuvo Flash Echo,₹849,,74 Ratings & 7 Reviews
Cellecor E8,"₹1,469",,5 Ratings & 0 Reviews
"REDMI Note 11 SE (Space Black, 64 GB)","₹12,999","₹16,999","8,925 Ratings & 449 Reviews"
"Infinix Hot 12 (Polar Black, 64 GB)","₹9,999","₹12,999","5,197 Ratings & 352 Reviews"
Nuvo NF24,₹899,,12 Ratings & 1 Reviews
IAIR D40,"₹1,319",,23 Ratings & 13 Reviews
"SAMSUNG Galaxy F23 5G (Forest Green, 128 GB)","₹15,999","₹23,999","85,483 Ratings & 7,237 Reviews"
"APPLE iPhone 13 (Pink, 128 GB)","₹66,990","₹69,900","1,24,894 Ratings & 6,624 Reviews"
"realme C25_Y (Glacier Blue, 64 GB)","₹8,999","₹12,999","43,737 Ratings & 2,129 Reviews"
"realme C30 (Lake Blue, 32 GB)","₹6,499","₹9,299","12,116 Ratings & 687 Reviews"
Nuvo Flash Black Echo Without Accessories,₹849,,152 Ratings & 10 Reviews
Cellecor E5,"₹1,319",,5 Ratings & 1 Reviews
"POCO M4 Pro (Power Black, 128 GB)","₹16,499","₹19,999","89,912 Ratings & 8,277 Reviews"
"realme 9i 5G (Rocking Black, 64 GB)","₹12,999","₹17,999","18,197 Ratings & 728 Reviews"
Cellecor E3,"₹1,179",,7 Ratings & 2 Reviews
Cellecor E9,"₹1,119",,3 Ratings & 1 Reviews
,,,
,,,
"vivo T1 44W (Starry Sky, 128 GB)","₹14,499","₹19,990","51,519 Ratings & 3,900 Reviews"
"realme 9 5G (Stargaze White, 64 GB)","₹15,999","₹18,999","32,208 Ratings & 1,799 Reviews"
"vivo T1 44W (Ice Dawn, 128 GB)","₹14,499","₹19,990","51,519 Ratings & 3,900 Reviews"
GFive K2,₹749,,177 Ratings & 17 Reviews
Nokia 105 SS,"₹1,299","₹1,599","10,795 Ratings & 788 Reviews"
"realme 8i (Space Black, 128 GB)","₹12,499","₹17,999","69,303 Ratings & 4,869 Reviews"
"vivo T1 5G (Silky White, 128 GB)","₹15,990","₹19,990","45,159 Ratings & 3,879 Reviews"
"Realme C30 - Locked with Airtel Prepaid (Bamboo Green, 32 GB)","₹5,099","₹8,499","36,585 Ratings & 1,605 Reviews"
"Realme C30 - Locked with Airtel Prepaid (Lake Blue, 32 GB)","₹5,099","₹8,499","36,585 Ratings & 1,605 Reviews"
"POCO M4 5G (Power Black, 64 GB)","₹12,999","₹15,999","31,327 Ratings & 2,580 Reviews"
"OPPO F19 (Prism Black, 128 GB)","₹14,990","₹20,990","14,475 Ratings & 1,083 Reviews"
"POCO M4 5G (Yellow, 64 GB)","₹12,999","₹15,999","31,327 Ratings & 2,580 Reviews"
"OPPO F19 (Midnight Blue, 128 GB)","₹14,990","₹20,990","14,475 Ratings & 1,083 Reviews"
"POCO M4 Pro (Power Black, 64 GB)","₹14,999","₹17,999","89,912 Ratings & 8,277 Reviews"
"realme 9 5G (Meteor Black, 128 GB)","₹14,999","₹20,999","28,527 Ratings & 1,833 Reviews"
"realme 9 5G (Stargaze White, 128 GB)","₹14,999","₹20,999","28,527 Ratings & 1,833 Reviews"
"realme 8s 5G (Universe Blue, 128 GB)","₹16,499","₹22,999","51,286 Ratings & 4,643 Reviews"
"vivo T1 5G (Silky White, 128 GB)","₹16,990","₹20,990","1,20,595 Ratings & 10,528 Reviews"
"SAMSUNG Galaxy F23 5G (Aqua Blue, 128 GB)","₹15,999","₹23,999","85,483 Ratings & 7,237 Reviews"
Nokia 105 SS,"₹1,299","₹1,599","10,795 Ratings & 788 Reviews"
"SAMSUNG Galaxy S21 FE 5G (Olive, 128 GB)","₹35,999","₹74,999","15,853 Ratings & 1,591 Reviews"
"POCO M4 Pro 5G (Cool Blue, 128 GB)","₹16,999","₹19,999","28,105 Ratings & 2,637 Reviews"
"realme C35 (Glowing Black, 128 GB)","₹12,499","₹14,999","1,26,967 Ratings & 7,981 Reviews"
"vivo T1 44W (Starry Sky, 128 GB)","₹15,999","₹20,990","29,249 Ratings & 2,373 Reviews"
,,,
,,,
"vivo T1 5G (Starlight Black, 128 GB)","₹16,990","₹20,990","1,21,831 Ratings & 10,612 Reviews"
"vivo T1 5G (Starlight Black, 128 GB)","₹15,990","₹19,990","45,458 Ratings & 3,897 Reviews"
"Infinix Smart 6 HD (Aqua Sky, 32 GB)","₹6,999","₹8,999","6,792 Ratings & 298 Reviews"
"POCO M4 Pro 5G (Cool Blue, 128 GB)","₹16,999","₹19,999","28,327 Ratings & 2,652 Reviews"
"Infinix Smart 6 HD (Origin Blue, 32 GB)","₹6,999","₹8,999","6,792 Ratings & 298 Reviews"
"realme C21Y (Cross Blue, 32 GB)","₹7,499","₹9,999","87,788 Ratings & 3,012 Reviews"
"realme C30 (Denim Black, 32 GB)","₹6,499","₹9,299","12,709 Ratings & 725 Reviews"
Nokia 105 PLUS,"₹1,299","₹1,699","2,628 Ratings & 195 Reviews"
"realme 8 (Cyber Silver, 128 GB)","₹17,999","₹18,999","94,628 Ratings & 8,349 Reviews"
"realme 8 (Cyber Silver, 128 GB)","₹12,999","₹16,999","1,18,617 Ratings & 10,507 Reviews"
GFive V8,₹749,,110 Ratings & 9 Reviews
"realme 9i 5G (Rocking Black, 128 GB)","₹16,999","₹19,999","2,166 Ratings & 148 Reviews"
Nokia 105 PLUS,"₹1,299","₹1,699","2,628 Ratings & 195 Reviews"
"OPPO K10 (Blue Flame, 128 GB)","₹14,740","₹18,999","68,822 Ratings & 5,236 Reviews"
"POCO M4 Pro (Cool Blue, 64 GB)","₹14,999","₹17,999","91,466 Ratings & 8,412 Reviews"
"REDMI Note 11 SE (Thunder Purple, 64 GB)","₹12,999","₹16,999","9,592 Ratings & 476 Reviews"
"SAMSUNG Galaxy F22 (Denim Black, 128 GB)","₹13,999","₹16,999","58,981 Ratings & 5,566 Reviews"
"realme 9 5G (Supersonic Black, 128 GB)","₹14,999","₹20,999","29,199 Ratings & 1,892 Reviews"
"POCO M4 Pro (Yellow, 128 GB)","₹16,499","₹19,999","91,466 Ratings & 8,412 Reviews"
"vivo T1X (Space Blue, 64 GB)","₹11,999","₹16,990","44,602 Ratings & 2,296 Reviews"
"POCO M4 Pro (Yellow, 64 GB)","₹14,999","₹17,999","91,466 Ratings & 8,412 Reviews"
"Infinix Note 12 (Force Black, 64 GB)","₹11,999","₹15,999","14,695 Ratings & 1,510 Reviews"
"Infinix Note 12 (Jewel Blue, 64 GB)","₹11,999","₹15,999","14,695 Ratings & 1,510 Reviews"
"POCO M4 Pro (Cool Blue, 128 GB)","₹17,999","₹21,999","8,433 Ratings & 769 Reviews"
,,,
,,,
"SAMSUNG Galaxy S22 Plus 5G (Phantom Black, 128 GB)",,,"1,054 Ratings & 127 Reviews"
Nuvo FLASH,₹899,,879 Ratings & 91 Reviews
"SAMSUNG Galaxy F23 5G (Copper Blush, 128 GB)","₹15,999","₹23,999","87,817 Ratings & 7,419 Reviews"
"MOTOROLA g31 (Meteorite Grey, 128 GB)","₹11,999","₹16,999","9,262 Ratings & 1,069 Reviews"
"REDMI Note 10S (Deep Sea Blue, 64 GB)","₹12,499","₹16,999","77,021 Ratings & 5,221 Reviews"
"POCO M4 Pro (Power Black, 128 GB)","₹17,999","₹21,999","8,433 Ratings & 769 Reviews"
IAIR D41,"₹1,319",,25 Ratings & 7 Reviews
Nuvo Flash Echo,₹849,,74 Ratings & 7 Reviews
"Realme C30 - Locked with Airtel Prepaid (Denim Black, 32 GB)","₹5,099","₹8,499","37,607 Ratings & 1,663 Reviews"
"OPPO K10 (Blue Flame, 128 GB)","₹14,740","₹18,999","68,822 Ratings & 5,236 Reviews"
Cellecor E8,"₹1,469",,5 Ratings & 0 Reviews
Nuvo NF24,₹899,,12 Ratings & 1 Reviews
"vivo T1 5G (Rainbow Fantasy, 128 GB)","₹19,990","₹23,990","11,342 Ratings & 1,038 Reviews"
"realme 8 (Cyber Black, 128 GB)","₹13,499","₹17,999","1,20,284 Ratings & 9,929 Reviews"
"Infinix Hot 12 (Turquoise Cyan, 64 GB)","₹9,999","₹12,999","5,665 Ratings & 383 Reviews"
"OPPO K10 (Black Carbon, 128 GB)","₹14,740","₹18,999","68,822 Ratings & 5,236 Reviews"
IAIR D40,"₹1,319",,23 Ratings & 13 Reviews
Nuvo Flash Black Echo Without Accessories,₹849,,152 Ratings & 10 Reviews
"vivo T1 5G (Starlight Black, 128 GB)","₹19,990","₹23,990","11,342 Ratings & 1,038 Reviews"
"Infinix Smart 6 (Light Sea Green, 64 GB)","₹7,499","₹8,999","19,695 Ratings & 1,339 Reviews"
Cellecor E5,"₹1,319",,5 Ratings & 1 Reviews
Cellecor E3,"₹1,179",,7 Ratings & 2 Reviews
"APPLE iPhone 12 Mini (Blue, 64 GB)","₹54,990","₹59,900","1,12,954 Ratings & 9,055 Reviews"
"vivo T1X (Gravity Black, 64 GB)","₹11,999","₹16,990","44,602 Ratings & 2,296 Reviews"
,,,
,,,
"realme GT Neo 3T (Drifting White, 256 GB)","₹29,999","₹38,999","2,766 Ratings & 370 Reviews"
"realme GT Neo 3T (Shade Black, 256 GB)","₹29,999","₹38,999","2,766 Ratings & 370 Reviews"
"SAMSUNG Galaxy S22 Plus 5G (Phantom Black, 128 GB)",,,"1,054 Ratings & 127 Reviews"
"I Kall Z2 (Gross Green, 16 GB)","₹4,749",,133 Ratings & 13 Reviews
"realme GT Neo 3T (Drifting White, 128 GB)","₹27,999","₹36,999","2,766 Ratings & 370 Reviews"
"realme GT Neo 3T (Shade Black, 128 GB)","₹27,999","₹36,999","2,766 Ratings & 370 Reviews"
Nuvo FLASH,₹899,,879 Ratings & 91 Reviews
IAIR D41,"₹1,319",,25 Ratings & 7 Reviews
"realme GT Neo 3T (Dash Yellow, 128 GB)","₹25,999","₹34,999","5,498 Ratings & 731 Reviews"
"realme GT Neo 3T (Dash Yellow, 128 GB)","₹27,999","₹36,999","2,766 Ratings & 370 Reviews"
"APPLE iPhone 11 (Purple, 64 GB)","₹41,990","₹43,900","1,44,684 Ratings & 8,974 Reviews"
"realme GT Neo 3T (Dash Yellow, 256 GB)","₹29,999","₹38,999","2,766 Ratings & 370 Reviews"
Nuvo Flash Echo,₹849,,74 Ratings & 7 Reviews
Cellecor E8,"₹1,469",,5 Ratings & 0 Reviews
"MOTOROLA G40 Fusion (Frosted Champagne, 128 GB)","₹13,499","₹19,999","53,074 Ratings & 5,803 Reviews"
"vivo T1 44W (Midnight Galaxy, 128 GB)","₹15,999","₹20,990","29,726 Ratings & 2,398 Reviews"
Nuvo NF24,₹899,,12 Ratings & 1 Reviews
IAIR D40,"₹1,319",,23 Ratings & 13 Reviews
"REDMI Note 11 SE (Cosmic White, 64 GB)","₹12,999","₹16,999","9,592 Ratings & 476 Reviews"
"Redmi 9A Sport (Metallic Blue, 32 GB)","₹7,650","₹9,490","5,116 Ratings & 395 Reviews"
"SAMSUNG Galaxy F22 (Denim Blue, 128 GB)","₹13,999","₹16,999","58,981 Ratings & 5,566 Reviews"
"Infinix Smart 6 (Starry Purple, 64 GB)","₹7,499","₹8,999","19,695 Ratings & 1,363 Reviews"
Nuvo Flash Black Echo Without Accessories,₹849,,152 Ratings & 10 Reviews
Cellecor E5,"₹1,319",,5 Ratings & 1 Reviews
,,,
,,,
"vivo Y53s (Deep Sea Blue, 128 GB)","₹15,490","₹22,990","16,361 Ratings & 1,416 Reviews"
"realme C35 (Glowing Green, 128 GB)","₹13,999","₹15,999","7,798 Ratings & 509 Reviews"
"SAMSUNG Galaxy S22 Plus 5G (Phantom Black, 128 GB)",,,"1,054 Ratings & 127 Reviews"
"I Kall Z2 (Dark Blue, 16 GB)","₹4,749",,133 Ratings & 13 Reviews
"realme C35 (Glowing Black, 128 GB)","₹13,999","₹15,999","7,798 Ratings & 509 Reviews"
"realme C35 (Glowing Green, 128 GB)","₹12,499","₹14,999","1,28,035 Ratings & 8,025 Reviews"
"REDMI 10 Prime (Phantom Black, 128 GB)","₹13,499","₹16,999","5,765 Ratings & 422 Reviews"
"SAMSUNG Galaxy F13 (Nightsky Green, 128 GB)","₹10,999","₹16,999","55,286 Ratings & 2,709 Reviews"
Nuvo FLASH,₹899,,879 Ratings & 91 Reviews
IAIR D41,"₹1,319",,25 Ratings & 7 Reviews
LAVA GEM,"₹1,680","₹1,849","28,626 Ratings & 3,098 Reviews"
"MOTOROLA g52 (Charcoal Grey, 128 GB)","₹16,499","₹19,999","11,739 Ratings & 1,526 Reviews"
Nuvo Flash Echo,₹849,,74 Ratings & 7 Reviews
Cellecor E8,"₹1,469",,5 Ratings & 0 Reviews
"Infinix Smart 6 (Polar Black, 64 GB)","₹7,499","₹8,999","19,695 Ratings & 1,339 Reviews"
"Infinix Smart 6 HD (Force Black, 32 GB)","₹6,999","₹8,999","6,792 Ratings & 298 Reviews"
"POCO X4 Pro 5G (Laser Black, 128 GB)","₹19,999","₹23,999","40,750 Ratings & 4,117 Reviews"
"Moto G71 5G (Arctic Blue, 128 GB)","₹16,999","₹22,999","17,267 Ratings & 2,091 Reviews"
Nuvo NF24,₹899,,12 Ratings & 1 Reviews
IAIR D40,"₹1,319",,23 Ratings & 13 Reviews
"REDMI Note 10T 5G (Mint Green, 128 GB)","₹14,999","₹18,999","26,560 Ratings & 2,055 Reviews"
"APPLE iPhone 11 (Green, 64 GB)","₹41,990","₹43,900","1,44,684 Ratings & 8,974 Reviews"
Nuvo Flash Black Echo Without Accessories,₹849,,152 Ratings & 10 Reviews
Cellecor E5,"₹1,319",,5 Ratings & 1 Reviews
,,,
,,,
"realme Narzo 50 (Speed Black, 128 GB)","₹13,749","₹17,999","4,256 Ratings & 298 Reviews"
"Redmi 9A Sport (Carbon Black, 32 GB)","₹6,789","₹6,979","20,449 Ratings & 1,593 Reviews"
"Redmi 9A Sport (Metallic Blue, 32 GB)","₹6,851","₹6,899","20,449 Ratings & 1,593 Reviews"
"POCO M4 Pro 5G (Power Black, 128 GB)","₹16,999","₹19,999","28,327 Ratings & 2,652 Reviews"
"SAMSUNG Galaxy S22 Plus 5G (Phantom Black, 128 GB)",,,"1,054 Ratings & 127 Reviews"
"I Kall Z2 (Dark Blue, 16 GB)","₹4,749",,133 Ratings & 13 Reviews
MarQ by Flipkart M70 Shakti,₹899,"₹1,599","1,118 Ratings & 170 Reviews"
"REDMI 9 Activ (Coral Green, 64 GB)","₹8,457","₹9,999","5,524 Ratings & 401 Reviews"
"I Kall Z9 (Blue, 32 GB)","₹5,214",,121 Ratings & 15 Reviews
"I Kall Z2 (Gross Green, 16 GB)","₹4,749",,133 Ratings & 13 Reviews
LAVA A1 Josh 2021,"₹1,055","₹1,249","6,398 Ratings & 559 Reviews"
"MOTOROLA g31 (Baby Blue, 128 GB)","₹11,999","₹16,999","9,262 Ratings & 1,069 Reviews"
"vivo T1 Pro 5G (Turbo Black, 128 GB)","₹23,999","₹28,990","5,285 Ratings & 489 Reviews"
"MOTOROLA G60 (Dynamic Gray, 128 GB)","₹14,999","₹21,999","1,22,735 Ratings & 12,447 Reviews"
Nuvo FLASH,₹899,,879 Ratings & 91 Reviews
IAIR D41,"₹1,319",,25 Ratings & 7 Reviews
"POCO M4 5G (Cool Blue, 64 GB)","₹12,999","₹15,999","31,886 Ratings & 2,616 Reviews"
"REDMI 10 Prime 2022 (Astral White, 64 GB)","₹10,857",,"2,019 Ratings & 141 Reviews"
Nuvo Flash Echo,₹849,,74 Ratings & 7 Reviews
Cellecor E8,"₹1,469",,5 Ratings & 0 Reviews
"SAMSUNG Galaxy M33 5G (Mystique Green, 128 GB)","₹14,948",,"4,393 Ratings & 423 Reviews"
"realme 9 5G (Supersonic Blue, 128 GB)","₹14,999","₹20,999","29,199 Ratings & 1,892 Reviews"
"POCO M4 5G (Yellow, 128 GB)","₹14,999","₹18,999","15,345 Ratings & 1,262 Reviews"
"POCO M4 5G (Cool Blue, 128 GB)","₹14,999","₹18,999","15,345 Ratings & 1,262 Reviews"
,,,
,,,
Nuvo FLASH,₹899,,879 Ratings & 91 Reviews
IAIR D41,"₹1,319",,25 Ratings & 7 Reviews
"REDMI Note 10 Pro Max (Dark Nebula, 128 GB)","₹17,999","₹22,999","14,010 Ratings & 1,023 Reviews"
"REDMI Note 10 Pro Max (Vintage Bronze, 128 GB)","₹17,999","₹22,999","14,010 Ratings & 1,023 Reviews"
Nuvo Flash Echo,₹849,,74 Ratings & 7 Reviews
Cellecor E8,"₹1,469",,5 Ratings & 0 Reviews
"POCO X4 Pro 5G (Laser Blue, 64 GB)","₹18,999","₹22,999","40,750 Ratings & 4,117 Reviews"
"REDMI Note 10T 5G (Chromium White, 64 GB)","₹12,999","₹16,999","39,948 Ratings & 2,859 Reviews"
"vivo Y53s (Fantastic Rainbow, 128 GB)","₹15,490","₹22,990","16,361 Ratings & 1,400 Reviews"
"Moto G71 5G (Neptune Green, 128 GB)","₹16,999","₹22,999","17,267 Ratings & 2,091 Reviews"
Nuvo NF24,₹899,,12 Ratings & 1 Reviews
IAIR D40,"₹1,319",,23 Ratings & 13 Reviews
"REDMI Note 10 Pro Max (Dark Night, 128 GB)","₹17,999","₹22,999","14,010 Ratings & 1,023 Reviews"
"vivo T1 44W (Starry Sky, 128 GB)","₹17,999","₹23,990","3,703 Ratings & 323 Reviews"
Nuvo Flash Black Echo Without Accessories,₹849,,152 Ratings & 10 Reviews
Cellecor E5,"₹1,319",,5 Ratings & 1 Reviews
"vivo T1 44W (Midnight Galaxy, 128 GB)","₹17,999","₹23,990","3,703 Ratings & 323 Reviews"
"Realme C30 - Locked with Airtel Prepaid (Lake Blue, 32 GB)","₹5,899","₹9,299","12,709 Ratings & 725 Reviews"
"SAMSUNG Galaxy S21 FE 5G (Graphite, 128 GB)","₹35,999","₹74,999","16,688 Ratings & 1,687 Reviews"
"MOTOROLA g31 (Baby Blue, 64 GB)","₹10,499","₹13,999","27,512 Ratings & 3,279 Reviews"
Cellecor E3,"₹1,179",,7 Ratings & 2 Reviews
Cellecor E9,"₹1,119",,3 Ratings & 1 Reviews
"Infinix Note 12 (Jewel Blue, 128 GB)","₹12,999","₹17,999","7,872 Ratings & 790 Reviews"
"Infinix Note 12 (Force Black, 128 GB)","₹12,999","₹17,999","7,872 Ratings & 790 Reviews"
,,,
,,,
Nuvo FLASH,₹899,,869 Ratings & 90 Reviews
IAIR D41,"₹1,319",,25 Ratings & 7 Reviews
"SAMSUNG GALAXY M13 (Stardust Brown, 64 GB)","₹9,980",,337 Ratings & 20 Reviews
"IQOO Z6 44W (Ravan Black, 128 GB)","₹14,465",,191 Ratings & 15 Reviews
"realme 8 (Cyber Black, 128 GB)","₹12,999","₹16,999","1,18,617 Ratings & 10,507 Reviews"
"APPLE iPhone 13 (Blue, 128 GB)","₹66,990","₹69,900","1,24,894 Ratings & 6,624 Reviews"
Nuvo Flash Echo,₹849,,74 Ratings & 7 Reviews
Cellecor E8,"₹1,469",,5 Ratings & 0 Reviews
SAMSUNG GT-E1215ZWAINS,"₹1,299","₹1,410","33,433 Ratings & 2,903 Reviews"
"realme 9 Pro 5G (Sunrise Blue, 128 GB)","₹18,999","₹21,999","65,991 Ratings & 5,648 Reviews"
Nuvo NF24,₹899,,12 Ratings & 1 Reviews
IAIR D40,"₹1,319",,23 Ratings & 13 Reviews
"vivo V25 Pro 5G (Sailing Blue, 128 GB)","₹35,999","₹39,999","3,231 Ratings & 458 Reviews"
"MOTOROLA g22 (Iceberg Blue, 64 GB)","₹10,999","₹13,999","20,573 Ratings & 2,580 Reviews"
"Infinix Zero 5G (Cosmic Black, 128 GB)","₹19,999","₹24,999","6,095 Ratings & 1,027 Reviews"
"REDMI Note 10T 5G (Mint Green, 64 GB)","₹12,999","₹16,999","39,810 Ratings & 2,850 Reviews"
PHILIPS Xenium E209,"₹1,549","₹1,949",288 Ratings & 39 Reviews
Nuvo Flash Black Echo Without Accessories,₹849,,152 Ratings & 10 Reviews
"OPPO F19 Pro+ 5G (Space Silver, 128 GB)","₹17,990","₹29,990","13,566 Ratings & 1,411 Reviews"
"POCO X4 Pro 5G (Laser Blue, 128 GB)","₹21,999","₹25,999","9,543 Ratings & 984 Reviews"
Cellecor E5,"₹1,319",,5 Ratings & 1 Reviews
Cellecor E3,"₹1,179",,7 Ratings & 2 Reviews
"MOTOROLA G60 (Soft Silver, 128 GB)","₹14,999","₹21,999","1,22,551 Ratings & 12,433 Reviews"
"Redmi Note 11 (Starburst White, 64 GB)","₹12,549",,"6,606 Ratings & 556 Reviews"
,,,
,,,
"POCO X4 Pro 5G (Yellow, 64 GB)","₹18,999","₹22,999","40,210 Ratings & 4,059 Reviews"
"MOTOROLA G62 5G (Midnight Gray, 128 GB)","₹17,999","₹21,999","2,458 Ratings & 261 Reviews"
Nuvo FLASH,₹899,,869 Ratings & 90 Reviews
IAIR D41,"₹1,319",,25 Ratings & 7 Reviews
"MOTOROLA G32 (Mineral Gray, 64 GB)","₹12,999","₹16,999","4,920 Ratings & 495 Reviews"
Micromax X818,"₹1,519",,"1,201 Ratings & 108 Reviews"
Nuvo Flash Echo,₹849,,74 Ratings & 7 Reviews
Cellecor E8,"₹1,469",,5 Ratings & 0 Reviews
"REDMI 10A (Sea Blue, 64 GB)","₹8,995","₹9,295","3,171 Ratings & 217 Reviews"
SAMSUNG GT-E1215ZKAINS,"₹1,299","₹1,410","62,144 Ratings & 5,330 Reviews"
"realme 9 Pro 5G (Aurora Green, 128 GB)","₹18,999","₹21,999","65,991 Ratings & 5,648 Reviews"
"Xiaomi 11i Hypercharge 5G (Pacific Pearl, 128 GB)","₹26,999","₹31,999","7,848 Ratings & 872 Reviews"
Nuvo NF24,₹899,,12 Ratings & 1 Reviews
IAIR D40,"₹1,319",,23 Ratings & 13 Reviews
"SAMSUNG GALAXY M13 (Midnight Blue, 64 GB)","₹9,990",,337 Ratings & 20 Reviews
Nokia 150 TA-1235 DS,"₹2,799",,"11,112 Ratings & 831 Reviews"
Nuvo Flash Black Echo Without Accessories,₹849,,152 Ratings & 10 Reviews
Cellecor E5,"₹1,319",,5 Ratings & 1 Reviews
"MOTOROLA G62 5G (Frosted Blue, 128 GB)","₹17,999","₹21,999","2,458 Ratings & 261 Reviews"
"OPPO K10 (Black Carbon, 128 GB)","₹16,740","₹22,999","4,435 Ratings & 380 Reviews"
"OPPO F19 Pro+ 5G (Fluid Black, 128 GB)","₹17,990","₹29,990","13,566 Ratings & 1,411 Reviews"
"SAMSUNG Galaxy M32 (Light Blue, 128 GB)","₹14,183","₹15,998","3,583 Ratings & 327 Reviews"
Cellecor E3,"₹1,179",,7 Ratings & 2 Reviews
Cellecor E9,"₹1,119",,3 Ratings & 1 Reviews
,,,
,,,
"REDMI Note 10T 5G (Metallic Blue, 64 GB)","₹12,999","₹16,999","39,810 Ratings & 2,850 Reviews"
"POCO F4 5G (Night Black, 128 GB)","₹29,999","₹34,999","3,225 Ratings & 465 Reviews"
Nuvo FLASH,₹899,,869 Ratings & 90 Reviews
IAIR D41,"₹1,319",,25 Ratings & 7 Reviews
Motorola a70,"₹1,999","₹2,320",543 Ratings & 65 Reviews
Motorola a70,"₹1,999","₹2,320","1,176 Ratings & 130 Reviews"
"REDMI 10A SPORT (SLATE GREY, 128 GB)","₹10,155",,147 Ratings & 10 Reviews
"POCO X4 Pro 5G (Yellow, 128 GB)","₹21,999","₹25,999","9,543 Ratings & 984 Reviews"
Nuvo Flash Echo,₹849,,74 Ratings & 7 Reviews
Cellecor E8,"₹1,469",,5 Ratings & 0 Reviews
"vivo V25 5G (Elegant Black, 256 GB)","₹31,999","₹36,999",404 Ratings & 47 Reviews
"vivo V25 5G (Elegant Black, 128 GB)","₹27,999","₹32,999","2,291 Ratings & 248 Reviews"
Nuvo NF24,₹899,,12 Ratings & 1 Reviews
IAIR D40,"₹1,319",,23 Ratings & 13 Reviews
Motorola a10,"₹1,399","₹1,630","4,084 Ratings & 491 Reviews"
"MOTOROLA G62 5G (Midnight Gray, 128 GB)","₹19,999","₹24,999",656 Ratings & 66 Reviews
"MOTOROLA g52 (Metallic White, 64 GB)","₹14,499","₹17,999","6,284 Ratings & 833 Reviews"
SAMSUNG GURU MUSIC 2,"₹2,120",,"2,542 Ratings & 213 Reviews"
PHILIPS Xenium E209,"₹1,549","₹1,949",288 Ratings & 39 Reviews
Nuvo Flash Black Echo Without Accessories,₹849,,151 Ratings & 10 Reviews
Good One 5026,₹999,,355 Ratings & 74 Reviews
Good One 5026,₹999,,355 Ratings & 74 Reviews
Cellecor E5,"₹1,319",,5 Ratings & 1 Reviews
Cellecor E3,"₹1,179",,7 Ratings & 2 Reviews
,,,
,,,
"vivo V25 5G (Elegant Black, 256 GB)","₹31,999","₹36,999",451 Ratings & 51 Reviews
"vivo V25 5G (Elegant Black, 128 GB)","₹27,999","₹32,999","2,426 Ratings & 267 Reviews"
"vivo V25 5G (Surfing Blue, 256 GB)","₹31,999","₹36,999",451 Ratings & 51 Reviews
"APPLE iPhone 12 Mini (White, 64 GB)","₹54,990","₹59,900","1,12,954 Ratings & 9,055 Reviews"
"I Kall Z2 (Dark Blue, 16 GB)","₹4,749",,133 Ratings & 13 Reviews
"I Kall Z9 (Blue, 32 GB)","₹5,214",,121 Ratings & 15 Reviews
"POCO M5 (Icy Blue, 64 GB)","₹12,499","₹15,999",497 Ratings & 40 Reviews
LAVA A1 Super 2021,"₹1,199","₹1,340","1,700 Ratings & 131 Reviews"
Nuvo FLASH,₹899,,879 Ratings & 91 Reviews
IAIR D41,"₹1,319",,25 Ratings & 7 Reviews
"OPPO K10 5G (Midnight Black, 128 GB)","₹17,499","₹25,999","36,252 Ratings & 2,781 Reviews"
"Infinix Hot 12 Pro (Lightsaber Green, 64 GB)","₹10,999","₹13,999","2,731 Ratings & 141 Reviews"
"Google Pixel 6a (Chalk, 128 GB)","₹39,999","₹43,999","13,294 Ratings & 1,752 Reviews"
"APPLE iPhone 12 Mini (Black, 64 GB)","₹54,990","₹59,900","1,12,954 Ratings & 9,055 Reviews"
Nuvo Flash Echo,₹849,,74 Ratings & 7 Reviews
Cellecor E8,"₹1,469",,5 Ratings & 0 Reviews
"Google Pixel 6a (Charcoal, 128 GB)","₹39,999","₹43,999","13,294 Ratings & 1,752 Reviews"
LAVA A3 Power,"₹1,275","₹1,599","2,605 Ratings & 270 Reviews"
Nuvo NF24,₹899,,12 Ratings & 1 Reviews
IAIR D40,"₹1,319",,23 Ratings & 13 Reviews
LAVA A3 Power,"₹1,299","₹1,499","1,309 Ratings & 132 Reviews"
"REDMI 10 (Pacific Blue, 128 GB)","₹12,499","₹16,999","16,746 Ratings & 1,297 Reviews"
"SAMSUNG Galaxy M33 5G (Deep Ocean Blue, 128 GB)","₹15,490",,"4,393 Ratings & 423 Reviews"
"Nothing Phone (1) (Black, 128 GB)","₹29,990","₹37,999","28,255 Ratings & 4,062 Reviews"
,,,
,,,
Nuvo FLASH,₹899,,869 Ratings & 90 Reviews
IAIR D41,"₹1,319",,25 Ratings & 7 Reviews
"REDMI 11 Prime 5G (Meadow Green, 64 GB)","₹13,100",,85 Ratings & 4 Reviews
Micromax X415,₹980,₹995,545 Ratings & 45 Reviews
Nuvo Flash Echo,₹849,,74 Ratings & 7 Reviews
Cellecor E8,"₹1,469",,5 Ratings & 0 Reviews
"MOTOROLA g52 (Charcoal Grey, 64 GB)","₹14,499","₹17,999","6,284 Ratings & 833 Reviews"
Itel Power 410,"₹1,499","₹1,559","1,423 Ratings & 132 Reviews"
"vivo V25 5G (Surfing Blue, 128 GB)","₹27,999","₹32,999","2,291 Ratings & 248 Reviews"
"vivo V25 5G (Surfing Blue, 256 GB)","₹31,999","₹36,999",404 Ratings & 47 Reviews
Nuvo NF24,₹899,,12 Ratings & 1 Reviews
IAIR D40,"₹1,319",,23 Ratings & 13 Reviews
"REDMI Note 10T 5G (Chromium White, 128 GB)","₹14,999","₹18,999","26,414 Ratings & 2,040 Reviews"
Itel Ace 2N,₹915,,159 Ratings & 8 Reviews
PHILIPS Xenium E209,"₹1,549","₹1,949",288 Ratings & 39 Reviews
Nuvo Flash Black Echo Without Accessories,₹849,,152 Ratings & 10 Reviews
"SAMSUNG Galaxy M33 5G (Mystique Green, 128 GB)","₹15,339","₹17,495","4,291 Ratings & 416 Reviews"
"Redmi 9A (Sea Blue, 32 GB)","₹8,480","₹8,525","14,100 Ratings & 887 Reviews"
"REDMI 10A (Slate grey, 64 GB)","₹8,370",,"3,171 Ratings & 217 Reviews"
"REDMI 10A (Sea Blue, 64 GB)","₹8,399",,"3,171 Ratings & 217 Reviews"
Cellecor E5,"₹1,319",,5 Ratings & 1 Reviews
Cellecor E3,"₹1,179",,7 Ratings & 2 Reviews
"REDMI 10A (Charcoal Black, 64 GB)","₹8,385",,"3,171 Ratings & 217 Reviews"
"realme 9 (Stargaze White, 128 GB)","₹16,999","₹20,999","39,340 Ratings & 2,822 Reviews"
,,,
,,,
"SAMSUNG Galaxy S22 Plus 5G (Phantom Black, 128 GB)",,,"1,054 Ratings & 127 Reviews"
"I Kall Z2 (Dark Blue, 16 GB)","₹4,749",,133 Ratings & 13 Reviews
"realme C30s (Stripe Black, 32 GB)","₹7,499","₹9,999",548 Ratings & 22 Reviews
"realme C30s (Stripe Blue, 32 GB)","₹7,499","₹9,999",548 Ratings & 22 Reviews
"REDMI 10 (Midnight Black, 128 GB)","₹12,499","₹16,999","16,746 Ratings & 1,297 Reviews"
Nokia 110 DS,"₹1,763",,159 Ratings & 8 Reviews
"I Kall Z9 (Blue, 32 GB)","₹5,214",,121 Ratings & 15 Reviews
"I Kall Z2 (Gross Green, 16 GB)","₹4,749",,133 Ratings & 13 Reviews
"OnePlus Nord 2T 5G (Gray Shadow, 256 GB)","₹33,899",,832 Ratings & 70 Reviews
DIZO Star 500,"₹1,799","₹1,999","10,593 Ratings & 1,296 Reviews"
Nuvo FLASH,₹899,,879 Ratings & 91 Reviews
IAIR D41,"₹1,319",,25 Ratings & 7 Reviews
"vivo Y35 (Agate Black, 128 GB)","₹18,499","₹22,999",401 Ratings & 26 Reviews
"IQOO Z6 44W (Lumina Blue, 128 GB)","₹16,338",,251 Ratings & 17 Reviews
"REDMI 10 Prime (Bifrost Blue, 128 GB)","₹13,499","₹16,999","5,765 Ratings & 422 Reviews"
KARBONN KX3,₹999,,"7,786 Ratings & 609 Reviews"
Nuvo Flash Echo,₹849,,74 Ratings & 7 Reviews
Cellecor E8,"₹1,469",,5 Ratings & 0 Reviews
Itel Power 410,"₹1,499","₹1,559","1,424 Ratings & 134 Reviews"
"APPLE iPhone 13 (Starlight, 256 GB)","₹75,990","₹79,900","1,26,925 Ratings & 6,764 Reviews"
Nuvo NF24,₹899,,12 Ratings & 1 Reviews
IAIR D40,"₹1,319",,23 Ratings & 13 Reviews
"Redmi 9A (Midnight Black, 32 GB)","₹7,819",,"21,007 Ratings & 1,253 Reviews"
LAVA Hero 600+,₹900,₹999,"7,581 Ratings & 695 Reviews"
,,,
,,,
"vivo Y15s (Mystic Blue, 32 GB)","₹9,499","₹13,990","2,788 Ratings & 209 Reviews"
LAVA A1 2021,"₹1,087","₹1,279","3,345 Ratings & 311 Reviews"
"POCO M5 (Power Black, 64 GB)","₹12,499","₹15,999",483 Ratings & 40 Reviews
Nuvo FLASH,₹899,,869 Ratings & 90 Reviews
"realme C31 (Dark Green, 64 GB)","₹9,999","₹11,999","44,380 Ratings & 2,102 Reviews"
"realme C31 (Dark Green, 32 GB)","₹9,299","₹10,999","41,284 Ratings & 1,587 Reviews"
"realme C31 (Light Silver, 32 GB)","₹9,299","₹10,999","41,284 Ratings & 1,587 Reviews"
IAIR D41,"₹1,319",,25 Ratings & 7 Reviews
"MOTOROLA g22 (Mint Green, 64 GB)","₹10,999","₹13,999","20,573 Ratings & 2,580 Reviews"
"realme 9 (Sunburst Gold, 128 GB)","₹17,999","₹22,999","13,446 Ratings & 1,058 Reviews"
"realme 9 (Meteor Black, 128 GB)","₹16,999","₹20,999","39,340 Ratings & 2,822 Reviews"
Nuvo Flash Echo,₹849,,74 Ratings & 7 Reviews
LAVA A3 Power,"₹1,387",,"1,297 Ratings & 132 Reviews"
Kechaoda K112,"₹1,620",,"18,182 Ratings & 1,952 Reviews"
"Tecno Pova Neo (Geek Blue, 128 GB)","₹10,899","₹15,400",402 Ratings & 28 Reviews
Cellecor E8,"₹1,469",,5 Ratings & 0 Reviews
SAMSUNG Guru Music 2,"₹2,145",,"1,92,486 Ratings & 18,064 Reviews"
LAVA Hero Punch,₹900,"₹1,249","1,154 Ratings & 88 Reviews"
"Infinix Hot 12 Pro (Electric Blue, 64 GB)","₹10,999","₹13,999","2,610 Ratings & 137 Reviews"
Nuvo NF24,₹899,,12 Ratings & 1 Reviews
"REDMI 10A (Charcoal Black, 32 GB)","₹7,199",,571 Ratings & 51 Reviews
"REDMI 10 Prime 2022 (Bifrost Blue, 64 GB)","₹11,199",,"1,972 Ratings & 138 Reviews"
Good One G5605N,₹899,,504 Ratings & 87 Reviews
IAIR D40,"₹1,319",,23 Ratings & 13 Reviews
,,,
,,,
"realme 9 Pro 5G (Aurora Green, 128 GB)","₹20,999","₹23,999","11,037 Ratings & 884 Reviews"
"realme 9 Pro 5G (Midnight Black, 128 GB)","₹18,999","₹21,999","66,464 Ratings & 5,678 Reviews"
"SAMSUNG Galaxy S22 Plus 5G (Phantom Black, 128 GB)",,,"1,054 Ratings & 127 Reviews"
Nuvo FLASH,₹899,,879 Ratings & 91 Reviews
"MOTOROLA Edge 30 Fusion (Cosmic grey, 128 GB)","₹42,999","₹49,999",789 Ratings & 152 Reviews
Kechaoda A26,"₹1,074",,"13,015 Ratings & 966 Reviews"
KARBONN K9 max,"₹1,890",,"3,208 Ratings & 295 Reviews"
"SAMSUNG M53 5G (Emerald Brown, 128 GB)","₹22,660",,96 Ratings & 13 Reviews
IAIR D41,"₹1,319",,25 Ratings & 7 Reviews
Nuvo Flash Echo,₹849,,74 Ratings & 7 Reviews
"REDMI Note 11T 5G (Matte black, 128 GB)","₹15,790","₹16,990","4,272 Ratings & 348 Reviews"
"SAMSUNG Galaxy S22 Plus 5G (Green, 128 GB)","₹59,999","₹1,01,999","1,054 Ratings & 127 Reviews"
Cellecor E8,"₹1,469",,5 Ratings & 0 Reviews
Nuvo NF24,₹899,,12 Ratings & 1 Reviews
LAVA Hero Punch,₹900,"₹1,249","1,171 Ratings & 89 Reviews"
Itel it2175,"₹1,105","₹1,109",180 Ratings & 23 Reviews
Kechaoda A26,"₹1,060",,"13,015 Ratings & 966 Reviews"
"realme 9i (Prism Black, 128 GB)","₹14,999","₹16,999","96,830 Ratings & 5,476 Reviews"
IAIR D40,"₹1,319",,23 Ratings & 13 Reviews
Nuvo Flash Black Echo Without Accessories,₹849,,152 Ratings & 10 Reviews
"realme 9i (Prism Blue, 128 GB)","₹14,999","₹16,999","96,830 Ratings & 5,476 Reviews"
"OPPO F19s (Glowing Black, 128 GB)","₹19,990","₹22,990","5,680 Ratings & 353 Reviews"
Cellecor E5,"₹1,319",,5 Ratings & 1 Reviews
Cellecor E3,"₹1,179",,7 Ratings & 2 Reviews
,,,
,,,
"SAMSUNG Galaxy M32 (Light Blue, 64 GB)","₹11,730","₹13,345","3,546 Ratings & 361 Reviews"
"MOTOROLA g82 5G (Meterorite Grey, 128 GB)","₹21,499","₹23,999","2,960 Ratings & 423 Reviews"
Itel IT5626,"₹1,849",,"1,010 Ratings & 109 Reviews"
"REDMI K50i 5G (Stealth Black, 128 GB)","₹21,749",,198 Ratings & 31 Reviews
"SAMSUNG Galaxy S22 Plus 5G (Phantom Black, 128 GB)",,,"1,054 Ratings & 127 Reviews"
"I Kall Z2 (Dark Blue, 16 GB)","₹4,749",,133 Ratings & 13 Reviews
"Infinix Note 11 (Glacier Green, 128 GB)","₹14,499","₹16,999","9,089 Ratings & 1,107 Reviews"
"REDMI 10 Prime (Phantom Black, 64 GB)","₹11,247",,"10,365 Ratings & 776 Reviews"
Nuvo FLASH,₹899,,879 Ratings & 91 Reviews
IAIR D41,"₹1,319",,25 Ratings & 7 Reviews
"Infinix Note 11 (Celestial Snow, 64 GB)","₹12,499","₹14,999","36,544 Ratings & 4,438 Reviews"
"REDMI Note 10T 5G (Graphite Black, 64 GB)","₹12,999","₹16,999","39,948 Ratings & 2,859 Reviews"
"SAMSUNG M53 5G (Deep Ocean Blue, 128 GB)","₹24,790",,23 Ratings & 0 Reviews
BlackZone ECO X,"₹1,459","₹1,470","7,365 Ratings & 488 Reviews"
Nuvo Flash Echo,₹849,,74 Ratings & 7 Reviews
Cellecor E8,"₹1,469",,5 Ratings & 0 Reviews
BlackZone ECO X,"₹1,459","₹1,470","7,365 Ratings & 488 Reviews"
Nokia 105 TA-1416 DS,"₹1,494","₹1,549","2,927 Ratings & 208 Reviews"
Nuvo NF24,₹899,,12 Ratings & 1 Reviews
IAIR D40,"₹1,319",,23 Ratings & 13 Reviews
"OnePlus Nord CE 2 Lite 5G (Blue Tide, 128 GB)","₹19,999",,"24,948 Ratings & 2,206 Reviews"
"OPPO A16E (Blue, 32 GB)","₹8,999","₹13,990",310 Ratings & 11 Reviews
Micromax X818,"₹1,505",,"1,215 Ratings & 109 Reviews"
"MOTOROLA Edge 30 (Aurora Green, 128 GB)","₹29,999","₹34,999","2,319 Ratings & 372 Reviews"
,,,
,,,
Nuvo FLASH,₹899,,869 Ratings & 90 Reviews
IAIR D41,"₹1,319",,25 Ratings & 7 Reviews
"REDMI 11 Prime 5G (Thunder Black, 64 GB)","₹12,848",,85 Ratings & 4 Reviews
"REDMI 11 Prime 5G (Chrome Silver, 64 GB)","₹12,845",,85 Ratings & 4 Reviews
Nuvo Flash Echo,₹849,,74 Ratings & 7 Reviews
Cellecor E8,"₹1,469",,5 Ratings & 0 Reviews
Micromax X413,"₹1,049",,"2,394 Ratings & 205 Reviews"
"Infinix Note 11 (Glacier Green, 128 GB)","₹14,499","₹16,999","9,058 Ratings & 1,102 Reviews"
"MOTOROLA Edge 20 Fusion 5G (Electric Graphite, 128 GB)","₹20,999","₹25,999","11,115 Ratings & 1,401 Reviews"
LAVA Flip,"₹1,799",,"12,609 Ratings & 1,219 Reviews"
Nuvo NF24,₹899,,12 Ratings & 1 Reviews
IAIR D40,"₹1,319",,23 Ratings & 13 Reviews
"Redmi Note 11S (Space Black, 128 GB)","₹17,090","₹18,975",560 Ratings & 42 Reviews
"IQOO Z6 5G (Dynamo Black, 128 GB)","₹17,299","₹20,990",213 Ratings & 17 Reviews
Nuvo Flash Black Echo Without Accessories,₹849,,152 Ratings & 10 Reviews
Cellecor E5,"₹1,319",,5 Ratings & 1 Reviews
"IQOO Z6 5G (Chromatic Blue, 128 GB)","₹17,390","₹19,700",213 Ratings & 17 Reviews
Micromax X378,"₹1,499",,"12,294 Ratings & 1,043 Reviews"
Nokia 8210 4G,"₹4,040",,30 Ratings & 3 Reviews
BlackZone PORSCHE 911,"₹1,469",,362 Ratings & 19 Reviews
Cellecor E3,"₹1,179",,7 Ratings & 2 Reviews
Cellecor E9,"₹1,119",,3 Ratings & 1 Reviews
"SAMSUNG Galaxy M33 5G (Emarld Brown, 128 GB)","₹15,049",,"4,291 Ratings & 416 Reviews"
"realme C31 (Light Silver, 64 GB)","₹9,999","₹11,999","44,380 Ratings & 2,102 Reviews"
,,,
,,,
IAIR D41,"₹1,319",,25 Ratings & 7 Reviews
Nuvo FLASH,₹899,,869 Ratings & 90 Reviews
"REDMI 11 Prime 5G (Thunder Black, 128 GB)","₹15,499",,23 Ratings & 5 Reviews
"APPLE iPhone 12 Mini (Black, 128 GB)","₹59,990","₹64,900","1,12,685 Ratings & 9,032 Reviews"
Nokia 105 PLUS,"₹1,449","₹1,899","2,548 Ratings & 190 Reviews"
LAVA A1 2021,"₹1,087","₹1,279","3,345 Ratings & 311 Reviews"
Nuvo Flash Echo,₹849,,74 Ratings & 7 Reviews
Nuvo NF24,₹899,,12 Ratings & 1 Reviews
LAVA A1 2021,"₹1,129",,"1,725 Ratings & 160 Reviews"
"SAMSUNG Galaxy A73 5G (Awesome Gray, 256 GB)","₹44,999","₹49,990",997 Ratings & 135 Reviews
IAIR D40,"₹1,319",,23 Ratings & 13 Reviews
PHILIPS Xenium E209,"₹1,549","₹1,949",288 Ratings & 39 Reviews
Itel Power 100 New,"₹1,289","₹1,399",661 Ratings & 45 Reviews
"POCO F4 5G (Night Black, 256 GB)","₹33,999","₹39,999","1,783 Ratings & 275 Reviews"
Micromax X413,₹980,,"2,394 Ratings & 205 Reviews"
"Tecno Pova 3 (Eco Black, 64 GB)","₹12,348",,38 Ratings & 2 Reviews
Nuvo Flash Black Echo Without Accessories,₹849,,152 Ratings & 10 Reviews
PHILIPS E125,"₹1,349",,172 Ratings & 19 Reviews
"Tecno Pova 3 (Electric Blue, 64 GB)","₹11,499",,38 Ratings & 2 Reviews
"realme 9 Pro 5G (Midnight Black, 128 GB)","₹20,999","₹23,999","10,926 Ratings & 875 Reviews"
"SAMSUNG Galaxy F23 5G (Forest Green, 128 GB)","₹14,999","₹22,999","22,660 Ratings & 1,805 Reviews"
Kechaoda K115,"₹1,138",,"27,527 Ratings & 2,164 Reviews"
Kechaoda K115,"₹1,249",,
Micromax X778,"₹1,448",,"1,796 Ratings & 176 Reviews"
,,,
,,,
Itel Power 100 New,"₹1,289","₹1,399",666 Ratings & 46 Reviews
Kechaoda K115,"₹1,038",,"27,540 Ratings & 2,164 Reviews"
"SAMSUNG Galaxy S22 Plus 5G (Phantom Black, 128 GB)",,,"1,054 Ratings & 127 Reviews"
"I Kall Z2 (Dark Blue, 16 GB)","₹4,749",,133 Ratings & 13 Reviews
"realme 9 (Meteor Black, 128 GB)","₹17,999","₹22,999","13,747 Ratings & 1,075 Reviews"
"realme 9 (Stargaze White, 128 GB)","₹17,999","₹22,999","13,747 Ratings & 1,075 Reviews"
"I Kall Z9 (Blue, 32 GB)","₹5,214",,121 Ratings & 15 Reviews
Nuvo FLASH,₹899,,879 Ratings & 91 Reviews
Micromax X413,₹980,,"2,413 Ratings & 208 Reviews"
BlackZone B310,₹859,,"3,038 Ratings & 246 Reviews"
BlackZone B310,₹859,,"3,038 Ratings & 246 Reviews"
"REDMI 10 Prime (Phantom Black, 64 GB)","₹11,350","₹13,230","10,365 Ratings & 776 Reviews"
IAIR D41,"₹1,319",,25 Ratings & 7 Reviews
Nuvo Flash Echo,₹849,,74 Ratings & 7 Reviews
"Tecno Pova 3 (Eco Black, 64 GB)","₹12,348",,40 Ratings & 4 Reviews
"Tecno Pova 3 (Electric Blue, 64 GB)","₹11,499",,40 Ratings & 4 Reviews
Cellecor E8,"₹1,469",,5 Ratings & 0 Reviews
Nuvo NF24,₹899,,12 Ratings & 1 Reviews
"realme 9 Pro 5G (Midnight Black, 128 GB)","₹20,999","₹23,999","11,037 Ratings & 884 Reviews"
"realme Narzo 50A (Oxygen Blue, 128 GB)","₹10,099","₹13,999","3,32,623 Ratings & 21,858 Reviews"
"vivo Y01 (Sapphire Blue, 32 GB)","₹7,999","₹12,999",621 Ratings & 44 Reviews
"vivo Y01 (Elegant Black, 32 GB)","₹7,999","₹12,999",621 Ratings & 44 Reviews
IAIR D40,"₹1,319",,23 Ratings & 13 Reviews
PHILIPS Xenium E209,"₹1,549","₹1,949",295 Ratings & 39 Reviews
,,,
,,,
Itel U20,"₹1,079","₹1,179",649 Ratings & 53 Reviews
"REDMI Note 11 Pro (Stealth Black, 128 GB)","₹20,990","₹22,000",477 Ratings & 36 Reviews
IAIR D41,"₹1,319",,25 Ratings & 7 Reviews
Nuvo FLASH,₹899,,869 Ratings & 90 Reviews
"OPPO A16E (Blue, 64 GB)","₹9,999","₹15,990",893 Ratings & 45 Reviews
"MOTOROLA Edge 20 Fusion 5G (Electric Graphite, 128 GB)","₹18,999","₹24,999","17,843 Ratings & 2,440 Reviews"
"OPPO A16E (White, 32 GB)","₹9,490","₹13,990",306 Ratings & 11 Reviews
"Itel A23S (Sky Cyan, 32 GB)","₹4,799",,23 Ratings & 0 Reviews
Nuvo Flash Echo,₹849,,74 Ratings & 7 Reviews
Cellecor E8,"₹1,469",,5 Ratings & 0 Reviews
"SAMSUNG M53 5G (Mystique Green, 128 GB)","₹22,149",,85 Ratings & 12 Reviews
Itel Muzik 400,"₹1,649","₹1,709","2,936 Ratings & 328 Reviews"
Nuvo NF24,₹899,,12 Ratings & 1 Reviews
IAIR D40,"₹1,319",,23 Ratings & 13 Reviews
"Xiaomi 11i Hypercharge 5G (Stealth Black, 128 GB)","₹28,999","₹33,999","5,346 Ratings & 631 Reviews"
"Infinix Note 12 TURBO (Sapphire Blue, 128 GB)","₹14,999","₹19,999","5,600 Ratings & 754 Reviews"
"I Kall K470 (Dark Blue, 32 GB)","₹6,299",,25 Ratings & 3 Reviews
LAVA A5,"₹1,439",,"11,940 Ratings & 1,139 Reviews"
PHILIPS Xenium E209,"₹1,549","₹1,949",288 Ratings & 39 Reviews
Nuvo Flash Black Echo Without Accessories,₹849,,152 Ratings & 10 Reviews
"POCO M5 (Yellow, 64 GB)","₹12,499","₹15,999",483 Ratings & 40 Reviews
LAVA A1 Super 2021,"₹1,199","₹1,340","1,694 Ratings & 130 Reviews"
Cellecor E5,"₹1,319",,5 Ratings & 1 Reviews
Cellecor E3,"₹1,179",,7 Ratings & 2 Reviews
,,,
,,,
"vivo Y21G (Diamond Glow, 64 GB)","₹13,499","₹17,990","1,618 Ratings & 138 Reviews"
"vivo V25 Pro 5G (Pure Black, 128 GB)","₹35,999","₹39,999","3,299 Ratings & 473 Reviews"
Kechaoda K116,"₹1,200",,"5,785 Ratings & 460 Reviews"
Nokia 150 DS 2020,"₹2,790",,"18,679 Ratings & 1,473 Reviews"
Itel U20,"₹1,079","₹1,179",660 Ratings & 55 Reviews
"APPLE iPhone 13 (Pink, 256 GB)","₹75,990","₹79,900","1,26,925 Ratings & 6,764 Reviews"
"SAMSUNG Galaxy Z Flip3 5G (Phantom Black, 128 GB)","₹59,999","₹95,999",269 Ratings & 33 Reviews
"realme 9 Pro+ 5G (Midnight Black, 128 GB)","₹24,999","₹27,999","27,582 Ratings & 3,375 Reviews"
Kechaoda K55,"₹1,280",,93 Ratings & 6 Reviews
"REDMI Note 11T 5G (Matte black, 128 GB)","₹17,485","₹17,825","1,809 Ratings & 165 Reviews"
"POCO M3 (Cool Blue, 64 GB)","₹11,990",,"1,23,527 Ratings & 8,898 Reviews"
Micromax X378,"₹1,299",,"12,308 Ratings & 1,045 Reviews"
SAMSUNG Guru 1200,"₹1,660",,"6,534 Ratings & 477 Reviews"
"Infinix Note 12 TURBO (Snowfall, 128 GB)","₹14,999","₹19,999","5,629 Ratings & 757 Reviews"
"Infinix Note 12 TURBO (Force Black, 128 GB)","₹14,999","₹19,999","5,629 Ratings & 757 Reviews"
Kechaoda K33,"₹1,149",,"7,888 Ratings & 532 Reviews"
Itel it2175,"₹1,095","₹1,499",180 Ratings & 23 Reviews
"OPPO A54 (Starry Blue, 64 GB)","₹12,488","₹12,990","10,370 Ratings & 648 Reviews"
"OPPO A54 (Moonlight Gold, 64 GB)","₹13,990","₹14,990","10,370 Ratings & 648 Reviews"
"OPPO A54 (Starry Blue, 128 GB)","₹13,990","₹17,990","3,852 Ratings & 221 Reviews"
"OPPO A54 (Crystal Black, 128 GB)","₹14,990","₹15,990","10,370 Ratings & 648 Reviews"
"OnePlus Nord CE 2 Lite 5G (Blue Tide, 128 GB)","₹19,999",,"24,948 Ratings & 2,206 Reviews"
"Infinix Note 11s (Haze Green, 64 GB)","₹13,999","₹16,999","11,167 Ratings & 1,506 Reviews"
"SAMSUNG Galaxy F12 (Celestial Black, 64 GB)","₹10,499","₹12,999","2,93,905 Ratings & 23,388 Reviews"
,,,
,,,
IAIR D41,"₹1,319",,25 Ratings & 7 Reviews
Nuvo FLASH,₹899,,869 Ratings & 90 Reviews
"OPPO F21s Pro 5G (Starlight Black, 128 GB)","₹25,999",,19 Ratings & 0 Reviews
"SAMSUNG Galaxy A23 (Black, 128 GB)","₹17,499","₹23,990",505 Ratings & 37 Reviews
Nuvo Flash Echo,₹849,,74 Ratings & 7 Reviews
Cellecor E8,"₹1,469",,5 Ratings & 0 Reviews
"Infinix Note 12 TURBO (Snowfall, 128 GB)","₹14,999","₹19,999","5,600 Ratings & 754 Reviews"
"Infinix Note 12 TURBO (Force Black, 128 GB)","₹14,999","₹19,999","5,600 Ratings & 754 Reviews"
"Infinix Note 11s (Symphony Cyan, 64 GB)","₹13,999","₹16,999","11,150 Ratings & 1,505 Reviews"
"Infinix Note 11s (Haze Green, 64 GB)","₹13,999","₹16,999","11,150 Ratings & 1,505 Reviews"
Nuvo NF24,₹899,,12 Ratings & 1 Reviews
IAIR D40,"₹1,319",,23 Ratings & 13 Reviews
SAMSUNG Guru Music 2,"₹2,349","₹2,490","1,92,486 Ratings & 18,064 Reviews"
"APPLE iPhone 14 (Blue, 128 GB)","₹79,900",,251 Ratings & 12 Reviews
PHILIPS Xenium E209,"₹1,549","₹1,949",288 Ratings & 39 Reviews
Nuvo Flash Black Echo Without Accessories,₹849,,152 Ratings & 10 Reviews
"OnePlus Nord CE 2 Lite 5G (Blue Tide, 128 GB)","₹19,999",,"24,697 Ratings & 2,179 Reviews"
"REDMI Note 10T 5G (Graphite Black, 128 GB)","₹14,999","₹18,999","26,414 Ratings & 2,040 Reviews"
Motorola a50,"₹1,699","₹1,999","1,203 Ratings & 122 Reviews"
Motorola a50,"₹1,699","₹1,999","1,203 Ratings & 122 Reviews"
Cellecor E5,"₹1,319",,5 Ratings & 1 Reviews
Cellecor E3,"₹1,179",,7 Ratings & 2 Reviews
Kechaoda K66 The Music House 4,"₹1,399",,"14,137 Ratings & 1,125 Reviews"
Kechaoda K66 The Music House 4,"₹1,300",,"14,137 Ratings & 1,125 Reviews"
,,,
,,,
"SAMSUNG Galaxy S22 Plus 5G (Phantom Black, 128 GB)",,,"1,054 Ratings & 127 Reviews"
"I Kall Z2 (Dark Blue, 16 GB)","₹4,749",,133 Ratings & 13 Reviews
Kechaoda K66 The Music House 4,"₹1,399",,"14,171 Ratings & 1,125 Reviews"
"Redmi Note 11 (Horizon Blue, 64 GB)","₹12,215","₹14,313","6,634 Ratings & 559 Reviews"
"Redmi Note 11 (Space Black, 64 GB)","₹11,570","₹13,000","6,886 Ratings & 659 Reviews"
"Redmi Note 11 (Horizon Blue, 64 GB)","₹12,595",,"6,634 Ratings & 559 Reviews"
"I Kall Z9 (Blue, 32 GB)","₹5,214",,121 Ratings & 15 Reviews
Nuvo FLASH,₹899,,879 Ratings & 91 Reviews
"Redmi Note 11 (Space Black, 64 GB)","₹12,494","₹14,000","6,634 Ratings & 559 Reviews"
"Redmi Note 11 (Starburst White, 128 GB)","₹15,445","₹16,199","6,634 Ratings & 559 Reviews"
IAIR D41,"₹1,319",,25 Ratings & 7 Reviews
Nuvo Flash Echo,₹849,,74 Ratings & 7 Reviews
"Redmi Note 11 (Starburst White, 64 GB)","₹12,490",,"6,886 Ratings & 659 Reviews"
"Itel A23S (Ocean Blue, 32 GB)","₹4,799",,23 Ratings & 0 Reviews
BlackZone ECO X,"₹1,459","₹1,470","7,365 Ratings & 488 Reviews"
"REDMI K50i 5G (Stealth Black, 128 GB)","₹21,789",,198 Ratings & 31 Reviews
Cellecor E8,"₹1,469",,5 Ratings & 0 Reviews
Nuvo NF24,₹899,,12 Ratings & 1 Reviews
"POCO M5 (Icy Blue, 128 GB)","₹14,499","₹18,999",278 Ratings & 20 Reviews
"OPPO A15s (Dynamic Black, 64 GB)","₹10,285","₹11,389","5,062 Ratings & 278 Reviews"
IAIR D40,"₹1,319",,23 Ratings & 13 Reviews
Nuvo Flash Black Echo Without Accessories,₹849,,152 Ratings & 10 Reviews
SAMSUNG Guru Music 2,"₹2,399",,"1,92,544 Ratings & 18,066 Reviews"
Micromax X416,"₹1,089",,405 Ratings & 43 Reviews
,,,
,,,
"REDMI Note 10S (Cosmic Purple, 64 GB)","₹12,499","₹16,999","77,021 Ratings & 5,221 Reviews"
"Infinix Hot 11 2022 (Aurora Green, 64 GB)","₹9,999","₹12,999","11,193 Ratings & 952 Reviews"
"SAMSUNG Galaxy S22 Plus 5G (Phantom Black, 128 GB)",,,"1,054 Ratings & 127 Reviews"
"I Kall Z2 (Dark Blue, 16 GB)","₹4,749",,133 Ratings & 13 Reviews
"POCO M5 (Icy Blue, 128 GB)","₹14,499","₹18,999",278 Ratings & 20 Reviews
"Redmi Note 11 (Starburst White, 64 GB)","₹12,045","₹12,999","6,886 Ratings & 659 Reviews"
"I Kall Z2 (Gross Green, 16 GB)","₹4,749",,133 Ratings & 13 Reviews
IAIR D41,"₹1,319",,25 Ratings & 7 Reviews
"REDMI Note 11S (Space Black, 128 GB)","₹15,500",,"1,283 Ratings & 114 Reviews"
"REDMI Note 11S (Horizon Blue, 64 GB)","₹13,772","₹19,990","1,283 Ratings & 114 Reviews"
"Redmi Note 11 (Space Black, 64 GB)","₹13,699",,"6,634 Ratings & 559 Reviews"
"POCO M5 (Yellow, 128 GB)","₹14,499","₹18,999",278 Ratings & 20 Reviews
Nuvo FLASH,₹899,,879 Ratings & 91 Reviews
Nuvo Flash Echo,₹849,,74 Ratings & 7 Reviews
"SAMSUNG Galaxy F12 (Sky Blue, 128 GB)","₹11,499","₹13,999","2,93,905 Ratings & 23,388 Reviews"
Kechaoda A20,₹999,,45 Ratings & 2 Reviews
Cellecor E8,"₹1,469",,5 Ratings & 0 Reviews
Nuvo NF24,₹899,,12 Ratings & 1 Reviews
"Xiaomi 11i 5G (Stealth Black, 128 GB)","₹26,999","₹31,999","18,748 Ratings & 2,381 Reviews"
Nokia 5310 TA-1212 DS,"₹3,843","₹3,890","8,149 Ratings & 604 Reviews"
Kechaoda A26,"₹1,070",,"13,015 Ratings & 966 Reviews"
Itel Power 410,"₹1,469",,"1,424 Ratings & 134 Reviews"
IAIR D40,"₹1,319",,23 Ratings & 13 Reviews
Nuvo Flash Black Echo Without Accessories,₹849,,152 Ratings & 10 Reviews
,,,
,,,
Cellecor E3+,"₹1,149",,9 Ratings & 0 Reviews
"SAMSUNG Galaxy M32 5G (Sky Blue, 128 GB)","₹18,399",,"1,191 Ratings & 71 Reviews"
"SAMSUNG Galaxy S22 Plus 5G (Phantom Black, 128 GB)",,,"1,054 Ratings & 127 Reviews"
"I Kall Z2 (Dark Blue, 16 GB)","₹4,749",,133 Ratings & 13 Reviews
"IQOO Z6 44W (Ravan Black, 128 GB)","₹16,211",,251 Ratings & 17 Reviews
Itel Power 100 New,"₹1,289","₹1,399",666 Ratings & 46 Reviews
"realme GT 2 (Paper Green, 128 GB)","₹30,999","₹39,999","3,980 Ratings & 547 Reviews"
"realme GT 2 (Paper White, 128 GB)","₹30,999","₹39,999","3,980 Ratings & 547 Reviews"
"I Kall Z9 (Blue, 32 GB)","₹5,214",,121 Ratings & 15 Reviews
Nuvo FLASH,₹899,,879 Ratings & 91 Reviews
"realme GT 2 (Steel Black, 128 GB)","₹30,999","₹39,999","3,980 Ratings & 547 Reviews"
"SAMSUNG GALAXY M13 5G (?Stardust Brown, 128 GB)","₹14,745",,45 Ratings & 5 Reviews
IAIR D41,"₹1,319",,25 Ratings & 7 Reviews
Nuvo Flash Echo,,,74 Ratings & 7 Reviews
"vivo Y21A (Midnight Blue, 64 GB)","₹12,989","₹17,990","1,723 Ratings & 132 Reviews"
"vivo Y21A (Diamond Glow, 64 GB)","₹12,990","₹13,390","1,723 Ratings & 132 Reviews"
"APPLE iPhone 14 (Purple, 128 GB)","₹79,900",,258 Ratings & 12 Reviews
"SAMSUNG Galaxy F12 (Sea Green, 64 GB)","₹10,499","₹12,999","2,93,905 Ratings & 23,388 Reviews"
Cellecor E8,"₹1,469",,5 Ratings & 0 Reviews
Nuvo NF24,₹899,,12 Ratings & 1 Reviews
LAVA A1,₹999,"₹1,049","20,174 Ratings & 1,913 Reviews"
"Xiaomi 11Lite NE (Diamond Dazzle, 128 GB)","₹24,989",,"1,278 Ratings & 138 Reviews"
IAIR D40,"₹1,319",,23 Ratings & 13 Reviews
Nuvo Flash Black Echo Without Accessories,₹849,,152 Ratings & 10 Reviews
,,,
,,,
"Redmi 8A Dual (Sea Blue, 64 GB)","₹8,990",,"18,075 Ratings & 1,180 Reviews"
"REDMI Note 11T 5G (Aquamarine Blue, 128 GB)","₹16,868","₹22,999","1,809 Ratings & 165 Reviews"
"realme Narzo 50i (Mint Green, 32 GB)","₹6,249","₹7,999","1,18,546 Ratings & 4,734 Reviews"
Itel it5026,"₹1,309",,902 Ratings & 90 Reviews
"SAMSUNG Galaxy S22 Plus 5G (Phantom Black, 128 GB)",,,"1,054 Ratings & 127 Reviews"
"I Kall Z2 (Dark Blue, 16 GB)","₹4,749",,133 Ratings & 13 Reviews
Itel It2171,"₹1,099","₹1,149","3,237 Ratings & 307 Reviews"
"vivo V21e (Dark Pearl, 128 GB)","₹24,990","₹27,990","7,795 Ratings & 735 Reviews"
IAIR D41,"₹1,319",,25 Ratings & 7 Reviews
Nuvo FLASH,₹899,,879 Ratings & 91 Reviews
"OPPO A54 (Moonlight Gold, 128 GB)","₹15,990","₹17,990","3,852 Ratings & 221 Reviews"
"Itel A27 (Deep Grey, 32 GB)","₹5,178","₹5,989",489 Ratings & 36 Reviews
"OPPO A16k (Blue, 64 GB)","₹9,999","₹15,990",424 Ratings & 28 Reviews
"Infinix Note 11s (Mithril Grey, 64 GB)","₹13,999","₹16,999","11,167 Ratings & 1,506 Reviews"
Nuvo Flash Echo,₹849,,74 Ratings & 7 Reviews
Cellecor E8,"₹1,469",,5 Ratings & 0 Reviews
"Redmi Note 11 PRO Plus 5G (Stealth Black, 128 GB)","₹22,999",,"1,511 Ratings & 128 Reviews"
"realme Narzo 20 (Glory Silver, 64 GB)","₹10,499","₹12,999","5,18,889 Ratings & 39,213 Reviews"
Nuvo NF24,₹899,,12 Ratings & 1 Reviews
IAIR D40,"₹1,319",,23 Ratings & 13 Reviews
"OPPO A31 (Fantasy White, 128 GB)","₹13,889",,"29,265 Ratings & 1,855 Reviews"
"SAMSUNG M53 5G (Emerald Brown, 128 GB)","₹29,999",,23 Ratings & 0 Reviews
KARBONN K9,"₹1,390","₹1,398","7,387 Ratings & 635 Reviews"
Kechaoda K66 The Music House 4,"₹1,300",,"14,171 Ratings & 1,125 Reviews"
,,,
,,,
"SAMSUNG Galaxy S22 Plus 5G (Phantom Black, 128 GB)",,,"1,054 Ratings & 127 Reviews"
"I Kall Z9 (Blue, 32 GB)","₹5,214",,121 Ratings & 15 Reviews
"realme 9 Pro+ 5G (Aurora Green, 128 GB)","₹24,999","₹27,999","27,582 Ratings & 3,375 Reviews"
"realme 9 Pro+ 5G (Sunrise Blue, 128 GB)","₹26,999","₹29,999","23,195 Ratings & 2,686 Reviews"
Nuvo FLASH,₹899,,879 Ratings & 91 Reviews
IAIR D41,"₹1,319",,25 Ratings & 7 Reviews
"Tecno SPARK 7 Pro (Alps Blue, 64 GB)","₹10,025",,"1,443 Ratings & 87 Reviews"
"Infinix Note 11s Free Fire Edition (Haze Green, 128 GB)","₹15,999","₹18,999","6,576 Ratings & 894 Reviews"
"Infinix Note 11s Free Fire Edition (Mithril Grey, 128 GB)","₹15,999","₹18,999","6,576 Ratings & 894 Reviews"
"MOTOROLA g42 (Atlantic Green, 64 GB)","₹13,999","₹16,999","1,721 Ratings & 239 Reviews"
Nuvo Flash Echo,₹849,,74 Ratings & 7 Reviews
Cellecor E8,"₹1,469",,5 Ratings & 0 Reviews
"OPPO A16 (Pearl Blue, 64 GB)","₹12,990","₹15,990","3,391 Ratings & 243 Reviews"
"POCO F4 5G (Nebula Green, 128 GB)","₹27,999","₹32,999","9,081 Ratings & 1,333 Reviews"
Nuvo NF24,₹899,,12 Ratings & 1 Reviews
IAIR D40,"₹1,319",,23 Ratings & 13 Reviews
"vivo Y22 (Metaverse Green, 64 GB)","₹14,499","₹17,990",50 Ratings & 2 Reviews
"vivo Y22 (Starlit Blue, 64 GB)","₹14,499","₹17,990",50 Ratings & 2 Reviews
Itel Ace,"₹1,041",,"6,124 Ratings & 512 Reviews"
"vivo Y22 (Starlit Blue, 128 GB)","₹16,499","₹19,990",37 Ratings & 2 Reviews
PHILIPS Xenium E209,"₹1,549","₹1,949",295 Ratings & 39 Reviews
Nuvo Flash Black Echo Without Accessories,₹849,,152 Ratings & 10 Reviews
Itel Ace,"₹1,045",,"6,124 Ratings & 512 Reviews"
"vivo Y22 (Metaverse Green, 128 GB)","₹16,499","₹19,990",37 Ratings & 2 Reviews
,,,
,,,
IAIR D41,"₹1,319",,25 Ratings & 7 Reviews
Nuvo FLASH,₹899,,869 Ratings & 90 Reviews
Snexian Guru 5071,₹899,,9 Ratings & 1 Reviews
"Redmi Note 11 PRO Plus 5G (Stealth Black, 128 GB)","₹21,990",,"1,458 Ratings & 127 Reviews"
"MOTOROLA e32 (Arctic Blue, 64 GB)","₹10,499","₹11,999",
"Itel Vision 3 (Deep Ocean Black, 64 GB)","₹6,999","₹7,949",281 Ratings & 38 Reviews
Nuvo Flash Echo,₹849,,74 Ratings & 7 Reviews
Cellecor E8,"₹1,469",,5 Ratings & 0 Reviews
"Itel Vision 3 (Jewel Blue, 64 GB)","₹7,999",,281 Ratings & 38 Reviews
"Infinix Hot 11S (7° Purple, 128 GB)","₹11,999","₹14,999","44,735 Ratings & 4,850 Reviews"
Nuvo NF24,₹899,,12 Ratings & 1 Reviews
IAIR D40,"₹1,319",,23 Ratings & 13 Reviews
"OPPO A96 (Starry Black, 128 GB)","₹17,999","₹23,999",717 Ratings & 69 Reviews
LAVA A5,"₹1,429",,"11,940 Ratings & 1,139 Reviews"
"Xiaomi 11i 5G (Pacific Pearl, 128 GB)","₹26,999","₹31,999","18,689 Ratings & 2,373 Reviews"
"MOTOROLA Edge 30 Ultra (Starlight White, 128 GB)","₹59,999","₹69,999",503 Ratings & 126 Reviews
PHILIPS Xenium E209,"₹1,549","₹1,949",288 Ratings & 39 Reviews
Nuvo Flash Black Echo Without Accessories,₹849,,152 Ratings & 10 Reviews
"OPPO A15 (Mystery Blue, 32 GB)","₹8,990","₹12,990","1,932 Ratings & 112 Reviews"
"Tecno Spark 9T (Turquoise Cyan, 64 GB)","₹9,639",,13 Ratings & 0 Reviews
Cellecor E5,"₹1,319",,5 Ratings & 1 Reviews
Cellecor E3,"₹1,179",,7 Ratings & 2 Reviews
"Tecno Spark 9T (Atlantic Blue, 64 GB)","₹9,599",,13 Ratings & 0 Reviews
"vivo V21e (Sunset Jazz, 128 GB)","₹22,850",,"7,789 Ratings & 735 Reviews"
,,,
,,,
LAVA A5,"₹1,429",,"11,950 Ratings & 1,140 Reviews"
"Xiaomi 11i 5G (Pacific Pearl, 128 GB)","₹26,999","₹31,999","18,748 Ratings & 2,381 Reviews"
"SAMSUNG Galaxy S22 Plus 5G (Phantom Black, 128 GB)",,,"1,054 Ratings & 127 Reviews"
"I Kall Z2 (Dark Blue, 16 GB)","₹4,749",,133 Ratings & 13 Reviews
"vivo Y75 (Moonlight Shadow, 128 GB)","₹20,999","₹25,990","1,055 Ratings & 96 Reviews"
"Tecno Spark 9T (Turquoise Cyan, 64 GB)","₹9,639",,13 Ratings & 0 Reviews
"I Kall Z9 (Blue, 32 GB)","₹5,214",,121 Ratings & 15 Reviews
"I Kall Z2 (Gross Green, 16 GB)","₹4,749",,133 Ratings & 13 Reviews
"Tecno Spark 9T (Atlantic Blue, 64 GB)","₹9,599",,13 Ratings & 0 Reviews
"REDMI 9 Power (Fiery Red, 64 GB)","₹11,499","₹13,999","2,40,174 Ratings & 17,014 Reviews"
Kechaoda K33 Rock,"₹1,249",,
Kechaoda K33 Rock,"₹1,249",,
Nuvo FLASH,₹899,,879 Ratings & 91 Reviews
IAIR D41,"₹1,319",,25 Ratings & 7 Reviews
"REDMI Note 10 Pro Max (Glacial Blue, 128 GB)","₹18,849",,"14,010 Ratings & 1,023 Reviews"
"Redmi 8A Dual (Sea Blue, 64 GB)","₹8,990",,"18,075 Ratings & 1,180 Reviews"
Nuvo Flash Echo,₹849,,74 Ratings & 7 Reviews
Cellecor E8,"₹1,469",,5 Ratings & 0 Reviews
"SAMSUNG Galaxy A22 5G (Violet, 128 GB)","₹16,499","₹18,999","2,310 Ratings & 219 Reviews"
"Infinix Hot 11S (Green Wave, 64 GB)","₹10,999","₹13,999","44,781 Ratings & 4,851 Reviews"
"Infinix Hot 11S (Polar Black, 64 GB)","₹10,999","₹13,999","44,781 Ratings & 4,851 Reviews"
"SAMSUNG S20 FE 5G (Cloud Mint, 128 GB)","₹29,030",,"2,751 Ratings & 325 Reviews"
Nuvo NF24,₹899,,12 Ratings & 1 Reviews
IAIR D40,"₹1,319",,23 Ratings & 13 Reviews
,,,
,,,
"Xiaomi 12 Pro 5G (Opera Mauve, 256 GB)","₹54,999","₹57,990",98 Ratings & 14 Reviews
"Infinix Hot 10S (95° Black, 64 GB)","₹9,999","₹12,999","76,420 Ratings & 6,665 Reviews"
"SAMSUNG Galaxy S22 Plus 5G (Phantom Black, 128 GB)",,,"1,054 Ratings & 127 Reviews"
"I Kall Z2 (Dark Blue, 16 GB)","₹4,749",,133 Ratings & 13 Reviews
LAVA A1,₹899,"₹1,049","1,06,871 Ratings & 11,404 Reviews"
Kechaoda A2,"₹1,299",,4 Ratings & 0 Reviews
Kechaoda K115,"₹1,085",,"27,540 Ratings & 2,164 Reviews"
"SAMSUNG Galaxy A23 (Black, 128 GB)","₹18,999","₹25,490",286 Ratings & 22 Reviews
IAIR D41,"₹1,319",,25 Ratings & 7 Reviews
Nuvo FLASH,₹899,,879 Ratings & 91 Reviews
Itel IT5026,"₹1,306","₹1,369",902 Ratings & 90 Reviews
"OPPO A57 (Glowing Green, 64 GB)","₹13,999","₹16,990","1,614 Ratings & 87 Reviews"
Nuvo Flash Echo,₹849,,74 Ratings & 7 Reviews
Cellecor E8,"₹1,469",,5 Ratings & 0 Reviews
"MOTOROLA Edge 30 Fusion (Solar Gold, 128 GB)","₹42,999","₹49,999",789 Ratings & 152 Reviews
"Maplin Map-10 5G (Dark Blue, 64 GB)","₹9,988",,
SAMSUNG GURU 1200,"₹1,670","₹1,799",362 Ratings & 24 Reviews
"OPPO F21s Pro (Starlight Black, 128 GB)","₹21,999",,37 Ratings & 3 Reviews
Nuvo NF24,₹899,,12 Ratings & 1 Reviews
IAIR D40,"₹1,319",,23 Ratings & 13 Reviews
"OPPO A16k (White, 32 GB)","₹8,999","₹13,990",574 Ratings & 35 Reviews
SAMSUNG Guru Music 2,"₹2,350",,"1,589 Ratings & 112 Reviews"
PHILIPS Xenium E209,"₹1,549","₹1,949",295 Ratings & 39 Reviews
Nuvo Flash Black Echo Without Accessories,₹849,,152 Ratings & 10 Reviews
,,,
,,,
"APPLE iPhone 14 Plus (Purple, 256 GB)","₹99,900",,46 Ratings & 5 Reviews
"SAMSUNG Galaxy F12 (Celestial Black, 128 GB)","₹11,499","₹13,999","2,93,905 Ratings & 23,388 Reviews"
"APPLE iPhone 14 (Midnight, 128 GB)","₹79,900",,258 Ratings & 12 Reviews
"realme Narzo 50A (Oxygen Green, 128 GB)","₹10,099","₹13,999","3,32,623 Ratings & 21,858 Reviews"
"SAMSUNG Galaxy S22 Plus 5G (Phantom Black, 128 GB)",,,"1,054 Ratings & 127 Reviews"
"I Kall Z9 (Blue, 32 GB)","₹5,214",,121 Ratings & 15 Reviews
"vivo Y21T (Midnight Blue, 128 GB)","₹15,499","₹19,990","1,327 Ratings & 94 Reviews"
"Infinix Hot 11S (Silver Wave, 128 GB)","₹11,999","₹14,999","44,781 Ratings & 4,851 Reviews"
"I Kall Z2 (Gross Green, 16 GB)","₹4,749",,133 Ratings & 13 Reviews
Nuvo FLASH,₹899,,879 Ratings & 91 Reviews
"OPPO A77 (Sky Blue, 64 GB)","₹15,499","₹18,999",79 Ratings & 5 Reviews
"Infinix Hot 11S (Silver Wave, 64 GB)","₹10,999","₹13,999","44,781 Ratings & 4,851 Reviews"
KARBONN K140 Pop,"₹1,089",,"5,112 Ratings & 445 Reviews"
"REDMI Note 10S (Deep Sea Blue, 128 GB)","₹16,499","₹20,999","6,688 Ratings & 623 Reviews"
IAIR D41,"₹1,319",,25 Ratings & 7 Reviews
Nuvo Flash Echo,₹849,,74 Ratings & 7 Reviews
"APPLE iPhone SE (Black, 256 GB)","₹42,990","₹54,900","1,53,209 Ratings & 12,031 Reviews"
"OPPO A16 (Crystal Black, 64 GB)","₹12,990","₹15,990","3,391 Ratings & 243 Reviews"
Cellecor E8,"₹1,469",,5 Ratings & 0 Reviews
Nuvo NF24,₹899,,12 Ratings & 1 Reviews
BlackZone RANGER,₹819,,817 Ratings & 63 Reviews
"OnePlus 10R 5G (Forest Green, 128 GB)","₹37,949",,929 Ratings & 84 Reviews
"SAMSUNG GALAXY M13 (Stardust Brown, 128 GB)","₹12,848",,45 Ratings & 4 Reviews
"Infinix Hot 11 2022 (Polar Black, 64 GB)","₹9,999","₹12,999","11,193 Ratings & 952 Reviews"
,,,
,,,
IAIR D41,"₹1,319",,25 Ratings & 7 Reviews
Nuvo FLASH,₹899,,869 Ratings & 90 Reviews
"realme 9 Pro+ 5G (Midnight Black, 128 GB)","₹26,999","₹29,999","23,027 Ratings & 2,665 Reviews"
"OPPO A77 (Sky Blue, 128 GB)","₹15,999","₹19,999",76 Ratings & 5 Reviews
Nuvo Flash Echo,₹849,,74 Ratings & 7 Reviews
Cellecor E8,"₹1,469",,5 Ratings & 0 Reviews
"OPPO A77 (Sunset Orange, 128 GB)","₹15,999","₹19,999",76 Ratings & 5 Reviews
KARBONN K140 Pop,"₹1,089",,"5,111 Ratings & 445 Reviews"
Cellecor E6+,"₹1,329",,
Kechaoda A10,"₹1,299",,
Nuvo NF24,₹899,,12 Ratings & 1 Reviews
IAIR D40,"₹1,319",,23 Ratings & 13 Reviews
Kechaoda A26,"₹1,074","₹1,190","12,997 Ratings & 963 Reviews"
Cellecor E6+,"₹1,329",,
PHILIPS Xenium E209,"₹1,549","₹1,949",288 Ratings & 39 Reviews
Nuvo Flash Black Echo Without Accessories,₹849,,152 Ratings & 10 Reviews
Cellecor E6+,"₹1,329",,
Cellecor E6+,"₹1,329",,
"SAMSUNG Galaxy M32 5G (Slate Black, 128 GB)","₹18,299",,"1,186 Ratings & 71 Reviews"
"OPPO A16 (Crystal Black, 64 GB)","₹12,990","₹15,990","3,384 Ratings & 242 Reviews"
Cellecor E5,"₹1,319",,5 Ratings & 1 Reviews
Cellecor E3,"₹1,179",,7 Ratings & 2 Reviews
Micromax X749,"₹2,499",,"6,923 Ratings & 795 Reviews"
"Infinix Hot 11S (Green Wave, 64 GB)","₹10,999","₹13,999","44,735 Ratings & 4,850 Reviews"
,,,
,,,
"SAMSUNG Galaxy S22 Plus 5G (Phantom Black, 128 GB)",,,"1,054 Ratings & 127 Reviews"
Nuvo FLASH,₹899,,879 Ratings & 91 Reviews
Itel it2163S,₹989,,298 Ratings & 28 Reviews
"vivo Y21 (Midnight Blue, 64 GB)","₹13,499","₹17,990","13,965 Ratings & 1,060 Reviews"
"Infinix Note 10 Pro (Nordic Secret, 256 GB)","₹16,999","₹19,999","12,231 Ratings & 1,644 Reviews"
Itel it2163S,₹989,₹999,298 Ratings & 28 Reviews
IAIR D41,"₹1,319",,25 Ratings & 7 Reviews
Nuvo Flash Echo,₹849,,74 Ratings & 7 Reviews
"SAMSUNG Galaxy A33 (Awesome Peach, 128 GB)","₹25,999","₹33,990",535 Ratings & 64 Reviews
Itel Magic3 Smart Touch Keypad,"₹1,688","₹2,099",511 Ratings & 47 Reviews
Cellecor E8,"₹1,469",,5 Ratings & 0 Reviews
Nuvo NF24,₹899,,12 Ratings & 1 Reviews
"REDMI 11 Prime (Flashy Black, 64 GB)","₹12,450",,
"REDMI 11 Prime (Peppy Purple, 128 GB)","₹15,000",,
Kechaoda 888,"₹1,929",,83 Ratings & 6 Reviews
"OPPO F19 Pro (Crystal Silver, 256 GB)","₹25,990",,"9,003 Ratings & 741 Reviews"
IAIR D40,"₹1,319",,23 Ratings & 13 Reviews
PHILIPS Xenium E209,"₹1,549","₹1,949",295 Ratings & 39 Reviews
"SAMSUNG GALAXY M13 5G (Aqua Green, 64 GB)","₹12,999",,57 Ratings & 0 Reviews
Kechaoda A27,"₹1,059","₹1,170","5,998 Ratings & 480 Reviews"
Nuvo Flash Black Echo Without Accessories,₹849,,152 Ratings & 10 Reviews
Cellecor E5,"₹1,319",,5 Ratings & 1 Reviews
Kechaoda A27,"₹1,075","₹1,145","5,998 Ratings & 480 Reviews"
Kechaoda A27,"₹1,075","₹1,190","5,998 Ratings & 480 Reviews"
,,,
,,,
"OPPO A15 (Dynamic Black, 32 GB)","₹8,990","₹12,990","1,941 Ratings & 112 Reviews"
"Nokia C21 Plus (Grey, 32 GB)","₹11,049","₹11,999",11 Ratings & 2 Reviews
"SAMSUNG Galaxy S22 Plus 5G (Phantom Black, 128 GB)",,,"1,054 Ratings & 127 Reviews"
"I Kall Z9 (Blue, 32 GB)","₹5,214",,121 Ratings & 15 Reviews
"REDMI Note 11 Pro (Stealth Black, 128 GB)","₹20,490",,480 Ratings & 36 Reviews
"POCO M3 Pro 5G (Yellow, 128 GB)","₹16,499","₹17,999","51,008 Ratings & 4,357 Reviews"
IAIR D41,"₹1,319",,25 Ratings & 7 Reviews
Nuvo FLASH,₹899,,879 Ratings & 91 Reviews
"REDMI 9 Power (Fiery Red, 128 GB)","₹15,899",,"2,40,174 Ratings & 17,014 Reviews"
"Infinix Note 10 Pro (95° Black, 256 GB)","₹16,999","₹19,999","12,231 Ratings & 1,644 Reviews"
"APPLE iPhone 14 Plus (Starlight, 128 GB)","₹89,900",,46 Ratings & 5 Reviews
"IQOO 7 legend (legend, 128 GB)","₹34,990",,9 Ratings & 0 Reviews
Nuvo Flash Echo,₹849,,74 Ratings & 7 Reviews
Cellecor E8,"₹1,469",,5 Ratings & 0 Reviews
"Itel A27 (Crystal Blue, 32 GB)","₹5,193","₹5,599",489 Ratings & 36 Reviews
Itel Ace Young Without Charger,"₹1,045",,"2,412 Ratings & 170 Reviews"
Nuvo NF24,₹899,,12 Ratings & 1 Reviews
IAIR D40,"₹1,319",,23 Ratings & 13 Reviews
Itel Ace Young Without Charger,"₹1,049",,"2,412 Ratings & 170 Reviews"
KARBONN K310i,₹920,,246 Ratings & 17 Reviews
Kechaoda K116,"₹1,190",,"5,785 Ratings & 460 Reviews"
Kechaoda K116,"₹1,220",,"5,785 Ratings & 460 Reviews"
PHILIPS Xenium E209,"₹1,549","₹1,949",295 Ratings & 39 Reviews
Nuvo Flash Black Echo Without Accessories,₹849,,152 Ratings & 10 Reviews
,,,
,,,
"Maplin S10 Plus (Royal Blue, 128 GB)","₹11,999",,
"realme C21 (Cross Blue, 64 GB)","₹10,499","₹10,999","1,45,896 Ratings & 7,082 Reviews"
Nuvo FLASH,₹899,,869 Ratings & 90 Reviews
IAIR D41,"₹1,319",,25 Ratings & 7 Reviews
"realme 9 Pro+ 5G (Aurora Green, 128 GB)","₹26,999","₹29,999","23,027 Ratings & 2,665 Reviews"
"realme 9 Pro+ 5G (Sunrise Blue, 256 GB)","₹28,999","₹31,999","23,027 Ratings & 2,665 Reviews"
"Tecno Spark Go 2022 (Atlantic Blue, 32 GB)","₹6,868",,537 Ratings & 40 Reviews
"REDMI Note 9 (Aqua Green, 64 GB)","₹11,999","₹14,999","1,22,605 Ratings & 9,405 Reviews"
Nuvo Flash Echo,₹849,,74 Ratings & 7 Reviews
Cellecor E8,"₹1,469",,5 Ratings & 0 Reviews
"APPLE iPhone 14 Plus (Midnight, 256 GB)","₹99,900",,37 Ratings & 5 Reviews
"REDMI Note 10S (Shadow Black, 128 GB)","₹16,499","₹18,999","76,819 Ratings & 5,208 Reviews"
Nuvo NF24,₹899,,12 Ratings & 1 Reviews
IAIR D40,"₹1,319",,23 Ratings & 13 Reviews
Snexian BOLD 1K,"₹1,099",,14 Ratings & 1 Reviews
Kechaoda K115,"₹1,125",,"27,527 Ratings & 2,164 Reviews"
Kechaoda K33,"₹1,120",,"7,882 Ratings & 532 Reviews"
"APPLE iPhone 14 Plus (Purple, 128 GB)","₹89,900",,37 Ratings & 5 Reviews
Nuvo Flash Black Echo Without Accessories,₹849,,152 Ratings & 10 Reviews
PHILIPS Xenium E209,"₹1,549","₹1,949",288 Ratings & 39 Reviews
Kechaoda K33,"₹1,135","₹1,190","7,882 Ratings & 532 Reviews"
"APPLE iPhone 12 Mini (Green, 64 GB)","₹54,990","₹59,900","1,12,685 Ratings & 9,032 Reviews"
Cellecor E5,"₹1,319",,5 Ratings & 1 Reviews
Cellecor E3,"₹1,179",,7 Ratings & 2 Reviews
,,,
,,,
Itel Magic3 Smart Touch Keypad,"₹1,688","₹2,099",511 Ratings & 47 Reviews
KARBONN K8 Star,"₹1,099",,11 Ratings & 1 Reviews
"SAMSUNG Galaxy A53 (Awesome Blue, 256 GB)","₹34,999","₹42,999",902 Ratings & 105 Reviews
Kechaoda K116,"₹1,299",,"5,785 Ratings & 460 Reviews"
"SAMSUNG Galaxy S22 Plus 5G (Phantom Black, 128 GB)",,,"1,054 Ratings & 127 Reviews"
"I Kall Z2 (Dark Blue, 16 GB)","₹4,749",,133 Ratings & 13 Reviews
"REDMI 9i (Sea Blue, 64 GB)","₹8,999","₹9,999","5,72,309 Ratings & 33,911 Reviews"
SAREGAMA Carvaan Mobile M21(CM281) with 1500 pre-loaded songs,"₹2,490",,39 Ratings & 7 Reviews
"I Kall Z9 (Blue, 32 GB)","₹5,214",,121 Ratings & 15 Reviews
IAIR D41,"₹1,319",,25 Ratings & 7 Reviews
Nuvo FLASH,₹899,,879 Ratings & 91 Reviews
"SAMSUNG Galaxy A53 (Awesome Peach, 128 GB)","₹31,999","₹39,990",902 Ratings & 105 Reviews
I Kall K78,"₹1,199","₹1,224",552 Ratings & 47 Reviews
"REDMI 9 Prime (Space Blue, 128 GB)","₹12,750","₹13,999","2,25,415 Ratings & 15,242 Reviews"
Nuvo FLASH,₹899,,879 Ratings & 91 Reviews
Nuvo Flash Echo,₹849,,74 Ratings & 7 Reviews
"SAMSUNG Galaxy A73 5G (Awesome Mint, 256 GB)","₹44,999","₹49,990","1,010 Ratings & 137 Reviews"
"10 Prime (Astral White, 64 GB)","₹10,999",,33 Ratings & 0 Reviews
Cellecor E8,"₹1,469",,5 Ratings & 0 Reviews
Nuvo NF24,₹899,,12 Ratings & 1 Reviews
Itel ACE 2N,₹899,,164 Ratings & 9 Reviews
"POCO C3 (Arctic Blue, 32 GB)","₹8,499","₹9,999","3,96,572 Ratings & 26,548 Reviews"
"APPLE iPhone 14 (Starlight, 128 GB)","₹79,900",,258 Ratings & 12 Reviews
SAMSUNG GURU 1200,"₹1,645",,878 Ratings & 65 Reviews
,,,
,,,
"APPLE iPhone 14 Plus ((PRODUCT)RED, 256 GB)","₹99,900",,37 Ratings & 5 Reviews
Itel IT2173,₹979,"₹1,025","1,714 Ratings & 158 Reviews"
"SAMSUNG Galaxy A03 (Black, 32 GB)","₹9,950",,269 Ratings & 20 Reviews
Nuvo FLASH,₹899,,869 Ratings & 90 Reviews
Cellecor X30+,"₹1,849",,6 Ratings & 2 Reviews
Easyfone Udaan_Plus,"₹2,790",,
"SAMSUNG Galaxy S21 FE 5G (White, 128 GB)","₹35,999","₹74,999","15,853 Ratings & 1,591 Reviews"
IAIR D41,"₹1,319",,25 Ratings & 7 Reviews
"vivo Y33T (Mirror Black, 128 GB)","₹17,990","₹22,990","2,223 Ratings & 159 Reviews"
Kechaoda K10,"₹1,130",,"13,474 Ratings & 901 Reviews"
"Micromax IN 1b (Blue, 64 GB)","₹8,499","₹10,499","34,464 Ratings & 5,399 Reviews"
Nuvo Flash Echo,₹849,,74 Ratings & 7 Reviews
"SAMSUNG Galaxy A23 (Blue, 128 GB)","₹18,999","₹25,490",281 Ratings & 22 Reviews
Kechaoda K103,"₹1,399",,276 Ratings & 21 Reviews
Itel Power 430,"₹1,636",,7 Ratings & 1 Reviews
Cellecor E8,"₹1,469",,5 Ratings & 0 Reviews
Itel Ace2 Star,₹929,,17 Ratings & 1 Reviews
"REDMI Note 11 Pro (Stealth Black, 128 GB)","₹18,995","₹22,900",727 Ratings & 60 Reviews
DIZO Star 500,"₹1,850",,"10,538 Ratings & 1,293 Reviews"
Nuvo NF24,₹899,,12 Ratings & 1 Reviews
"OPPO F19 Pro (Crystal Silver, 256 GB)","₹25,990",,"8,983 Ratings & 740 Reviews"
ANGAGE A2320,₹729,,35 Ratings & 2 Reviews
"OPPO A76 (Glowing Black, 128 GB)","₹16,490","₹21,499",294 Ratings & 24 Reviews
IAIR D40,"₹1,319",,23 Ratings & 13 Reviews
,,,
,,,
"SAMSUNG Galaxy S22 Plus 5G (Phantom Black, 128 GB)",,,"1,054 Ratings & 127 Reviews"
"I Kall Z2 (Dark Blue, 16 GB)","₹4,749",,133 Ratings & 13 Reviews
ANGAGE A2320,₹729,,35 Ratings & 2 Reviews
Nuvo FLASH,₹899,,879 Ratings & 91 Reviews
Kechaoda A27,"₹1,074","₹1,170","5,998 Ratings & 480 Reviews"
"OPPO A76 (Glowing Black, 128 GB)","₹16,490","₹21,499",296 Ratings & 24 Reviews
"I Kall Z9 (Blue, 32 GB)","₹5,214",,121 Ratings & 15 Reviews
IAIR D41,"₹1,319",,25 Ratings & 7 Reviews
"SAMSUNG Galaxy A53 (Awesome White, 128 GB)","₹31,999","₹39,990",902 Ratings & 105 Reviews
"POCO F3 GT 5G (Gunmetal Silver, 128 GB)","₹28,999","₹34,999","14,623 Ratings & 1,910 Reviews"
Nuvo FLASH,₹899,,879 Ratings & 91 Reviews
Nuvo Flash Echo,,,74 Ratings & 7 Reviews
"POCO M3 (Yellow, 64 GB)","₹11,999",,"1,23,527 Ratings & 8,898 Reviews"
"POCO M3 (Power Black, 128 GB)","₹12,999","₹14,999","4,77,800 Ratings & 34,658 Reviews"
"POCO X3 Pro (Steel Blue, 128 GB)","₹21,999","₹25,999","55,404 Ratings & 5,139 Reviews"
"vivo Y21 (Diamond Glow, 128 GB)","₹15,549","₹19,490","13,965 Ratings & 1,060 Reviews"
Cellecor E8,"₹1,469",,5 Ratings & 0 Reviews
Nuvo NF24,₹899,,12 Ratings & 1 Reviews
"vivo Y21 (Diamond Glow, 64 GB)","₹13,499","₹17,990","13,965 Ratings & 1,060 Reviews"
Snexian BOLD 1K,"₹1,099",,14 Ratings & 1 Reviews
IAIR D40,"₹1,319",,23 Ratings & 13 Reviews
PHILIPS Xenium E209,"₹1,549","₹1,949",295 Ratings & 39 Reviews
Snexian BOLD 1K,"₹1,099",,14 Ratings & 1 Reviews
"APPLE iPhone 12 Mini (Purple, 64 GB)","₹54,990","₹59,900","1,12,954 Ratings & 9,055 Reviews"
,,,
,,,
